architecture_id,species,feature_group,feature_class,feature_subclass,start,end,structure_model,object_type,annotation_value,site_conservation,ecm_id,architecture_label
Ras85D_EBC_MEL_MIR_0001,D.melanogaster,MIRNA_TARGET,MIRNA_SITE,7mer_unspecified_multisite,51,57,,MIRNA_SITE,POORLY_CONSERVED_SITE,POORLY_CONSERVED_SITE,,WEAK
Ras85D_EBC_MEL_MIR_0002,D.melanogaster,MIRNA_TARGET,MIRNA_SITE,7mer-A1,68,74,,MIRNA_SITE,POORLY_CONSERVED_SITE,POORLY_CONSERVED_SITE,,WEAK
Ras85D_EBC_MEL_MIR_0003,D.melanogaster,MIRNA_TARGET,MIRNA_SITE,7mer_unspecified_multisite,100,106,,MIRNA_SITE,POORLY_CONSERVED_SITE,POORLY_CONSERVED_SITE,,WEAK
Ras85D_EBC_MEL_MIR_0004,D.melanogaster,MIRNA_TARGET,MIRNA_SITE,7mer_unspecified_multisite,115,121,,MIRNA_SITE,POORLY_CONSERVED_SITE,POORLY_CONSERVED_SITE,,WEAK
Ras85D_EBC_MEL_MIR_0005,D.melanogaster,MIRNA_TARGET,MIRNA_SITE,8mer,126,133,,MIRNA_SITE,POORLY_CONSERVED_SITE,POORLY_CONSERVED_SITE,,WEAK
Ras85D_EBC_MEL_MIR_0006,D.melanogaster,MIRNA_TARGET,MIRNA_SITE,7mer_unspecified_multisite,130,136,,MIRNA_SITE,POORLY_CONSERVED_SITE,POORLY_CONSERVED_SITE,,WEAK
Ras85D_EBC_MEL_MIR_0007,D.melanogaster,MIRNA_TARGET,MIRNA_SITE,7mer_unspecified_multisite,135,141,,MIRNA_SITE,POORLY_CONSERVED_SITE,POORLY_CONSERVED_SITE,,WEAK
Ras85D_EBC_MEL_MIR_0008,D.melanogaster,MIRNA_TARGET,MIRNA_SITE,7mer-m8,159,165,,MIRNA_SITE,CONSERVED_SITE,CONSERVED_SITE,,CONSERVED
Ras85D_EBC_MEL_MIR_0009,D.melanogaster,MIRNA_TARGET,MIRNA_SITE,8mer,169,176,,MIRNA_SITE,POORLY_CONSERVED_SITE,POORLY_CONSERVED_SITE,,WEAK
Ras85D_EBC_MEL_MIR_0010,D.melanogaster,MIRNA_TARGET,MIRNA_SITE,7mer_unspecified_multisite,174,180,,MIRNA_SITE,POORLY_CONSERVED_SITE,POORLY_CONSERVED_SITE,,WEAK
Ras85D_EBC_MEL_MIR_0011,D.melanogaster,MIRNA_TARGET,MIRNA_SITE,7mer_unspecified_multisite,174,180,,MIRNA_SITE,POORLY_CONSERVED_SITE,POORLY_CONSERVED_SITE,,WEAK
Ras85D_EBC_MEL_MIR_0012,D.melanogaster,MIRNA_TARGET,MIRNA_SITE,7mer_unspecified_multisite,180,186,,MIRNA_SITE,POORLY_CONSERVED_SITE,POORLY_CONSERVED_SITE,,WEAK
Ras85D_EBC_MEL_MIR_0013,D.melanogaster,MIRNA_TARGET,MIRNA_SITE,7mer_unspecified_multisite,180,186,,MIRNA_SITE,POORLY_CONSERVED_SITE,POORLY_CONSERVED_SITE,,WEAK
Ras85D_EBC_MEL_MIR_0014,D.melanogaster,MIRNA_TARGET,MIRNA_SITE,7mer_unspecified_multisite,182,188,,MIRNA_SITE,POORLY_CONSERVED_SITE,POORLY_CONSERVED_SITE,,WEAK
Ras85D_EBC_MEL_MIR_0015,D.melanogaster,MIRNA_TARGET,MIRNA_SITE,7mer-m8,202,208,,MIRNA_SITE,POORLY_CONSERVED_SITE,POORLY_CONSERVED_SITE,,WEAK
Ras85D_EBC_MEL_MIR_0016,D.melanogaster,MIRNA_TARGET,MIRNA_SITE,7mer-m8,202,208,,MIRNA_SITE,POORLY_CONSERVED_SITE,POORLY_CONSERVED_SITE,,WEAK
Ras85D_EBC_MEL_MIR_0017,D.melanogaster,MIRNA_TARGET,MIRNA_SITE,7mer-A1,280,286,,MIRNA_SITE,POORLY_CONSERVED_SITE,POORLY_CONSERVED_SITE,,WEAK
Ras85D_EBC_MEL_MIR_0018,D.melanogaster,MIRNA_TARGET,MIRNA_SITE,7mer-A1,288,294,,MIRNA_SITE,CONSERVED_SITE,CONSERVED_SITE,,CONSERVED
Ras85D_EBC_MEL_MIR_0019,D.melanogaster,MIRNA_TARGET,MIRNA_SITE,7mer_unspecified_multisite,289,295,,MIRNA_SITE,POORLY_CONSERVED_SITE,POORLY_CONSERVED_SITE,,WEAK
Ras85D_EBC_MEL_MIR_0020,D.melanogaster,MIRNA_TARGET,MIRNA_SITE,7mer-A1,295,301,,MIRNA_SITE,POORLY_CONSERVED_SITE,POORLY_CONSERVED_SITE,,WEAK
Ras85D_EBC_MEL_MIR_0021,D.melanogaster,MIRNA_TARGET,MIRNA_SITE,7mer_unspecified_multisite,306,312,,MIRNA_SITE,POORLY_CONSERVED_SITE,POORLY_CONSERVED_SITE,,WEAK
Ras85D_EBC_MEL_MIR_0022,D.melanogaster,MIRNA_TARGET,MIRNA_SITE,7mer_unspecified_multisite,313,319,,MIRNA_SITE,POORLY_CONSERVED_SITE,POORLY_CONSERVED_SITE,,WEAK
Ras85D_EBC_MEL_MIR_0023,D.melanogaster,MIRNA_TARGET,MIRNA_SITE,7mer-A1,330,336,,MIRNA_SITE,POORLY_CONSERVED_SITE,POORLY_CONSERVED_SITE,,WEAK
Ras85D_EBC_MEL_MIR_0024,D.melanogaster,MIRNA_TARGET,MIRNA_SITE,7mer-m8,336,342,,MIRNA_SITE,POORLY_CONSERVED_SITE,POORLY_CONSERVED_SITE,,WEAK
Ras85D_EBC_MEL_MIR_0025,D.melanogaster,MIRNA_TARGET,MIRNA_SITE,7mer_unspecified_multisite,341,347,,MIRNA_SITE,POORLY_CONSERVED_SITE,POORLY_CONSERVED_SITE,,WEAK
Ras85D_EBC_MEL_MIR_0026,D.melanogaster,MIRNA_TARGET,MIRNA_SITE,7mer-m8,345,351,,MIRNA_SITE,POORLY_CONSERVED_SITE,POORLY_CONSERVED_SITE,,WEAK
Ras85D_EBC_MEL_MIR_0027,D.melanogaster,MIRNA_TARGET,MIRNA_SITE,7mer_unspecified_multisite,356,362,,MIRNA_SITE,POORLY_CONSERVED_SITE,POORLY_CONSERVED_SITE,,WEAK
Ras85D_EBC_MEL_MIR_0028,D.melanogaster,MIRNA_TARGET,MIRNA_SITE,7mer-m8,359,365,,MIRNA_SITE,POORLY_CONSERVED_SITE,POORLY_CONSERVED_SITE,,WEAK
Ras85D_EBC_MEL_MIR_0029,D.melanogaster,MIRNA_TARGET,MIRNA_SITE,7mer-A1,365,371,,MIRNA_SITE,POORLY_CONSERVED_SITE,POORLY_CONSERVED_SITE,,WEAK
Ras85D_EBC_MEL_MIR_0030,D.melanogaster,MIRNA_TARGET,MIRNA_SITE,7mer_unspecified_multisite,368,374,,MIRNA_SITE,POORLY_CONSERVED_SITE,POORLY_CONSERVED_SITE,,WEAK
Ras85D_EBC_MEL_MIR_0031,D.melanogaster,MIRNA_TARGET,MIRNA_SITE,8mer,419,426,,MIRNA_SITE,POORLY_CONSERVED_SITE,POORLY_CONSERVED_SITE,,WEAK
Ras85D_EBC_MEL_MIR_0032,D.melanogaster,MIRNA_TARGET,MIRNA_SITE,8mer,424,431,,MIRNA_SITE,POORLY_CONSERVED_SITE,POORLY_CONSERVED_SITE,,WEAK
Ras85D_EBC_MEL_MIR_0033,D.melanogaster,MIRNA_TARGET,MIRNA_SITE,7mer-A1,429,435,,MIRNA_SITE,POORLY_CONSERVED_SITE,POORLY_CONSERVED_SITE,,WEAK
Ras85D_EBC_MEL_MIR_0034,D.melanogaster,MIRNA_TARGET,MIRNA_SITE,7mer-m8,442,448,,MIRNA_SITE,POORLY_CONSERVED_SITE,POORLY_CONSERVED_SITE,,WEAK
Ras85D_EBC_MEL_MIR_0035,D.melanogaster,MIRNA_TARGET,MIRNA_SITE,7mer-A1,458,464,,MIRNA_SITE,POORLY_CONSERVED_SITE,POORLY_CONSERVED_SITE,,WEAK
Ras85D_EBC_MEL_MIR_0036,D.melanogaster,MIRNA_TARGET,MIRNA_SITE,7mer-A1,470,476,,MIRNA_SITE,POORLY_CONSERVED_SITE,POORLY_CONSERVED_SITE,,WEAK
Ras85D_EBC_MEL_MIR_0037,D.melanogaster,MIRNA_TARGET,MIRNA_SITE,8mer,475,482,,MIRNA_SITE,POORLY_CONSERVED_SITE,POORLY_CONSERVED_SITE,,WEAK
Ras85D_EBC_MEL_MIR_0038,D.melanogaster,MIRNA_TARGET,MIRNA_SITE,7mer-m8,511,517,,MIRNA_SITE,POORLY_CONSERVED_SITE,POORLY_CONSERVED_SITE,,WEAK
Ras85D_EBC_MEL_MIR_0039,D.melanogaster,MIRNA_TARGET,MIRNA_SITE,7mer-m8,522,528,,MIRNA_SITE,POORLY_CONSERVED_SITE,POORLY_CONSERVED_SITE,,WEAK
Ras85D_EBC_MEL_MIR_0040,D.melanogaster,MIRNA_TARGET,MIRNA_SITE,8mer,522,529,,MIRNA_SITE,POORLY_CONSERVED_SITE,POORLY_CONSERVED_SITE,,WEAK
Ras85D_EBC_MEL_MIR_0041,D.melanogaster,MIRNA_TARGET,MIRNA_SITE,7mer-A1,532,538,,MIRNA_SITE,POORLY_CONSERVED_SITE,POORLY_CONSERVED_SITE,,WEAK
Ras85D_EBC_MEL_MIR_0042,D.melanogaster,MIRNA_TARGET,MIRNA_SITE,7mer-A1,539,545,,MIRNA_SITE,POORLY_CONSERVED_SITE,POORLY_CONSERVED_SITE,,WEAK
Ras85D_EBC_MEL_MIR_0043,D.melanogaster,MIRNA_TARGET,MIRNA_SITE,8mer,539,546,,MIRNA_SITE,POORLY_CONSERVED_SITE,POORLY_CONSERVED_SITE,,WEAK
Ras85D_EBC_MEL_MIR_0044,D.melanogaster,MIRNA_TARGET,MIRNA_SITE,7mer_unspecified_multisite,550,556,,MIRNA_SITE,POORLY_CONSERVED_SITE,POORLY_CONSERVED_SITE,,WEAK
Ras85D_EBC_MEL_MIR_0045,D.melanogaster,MIRNA_TARGET,MIRNA_SITE,7mer_unspecified_multisite,550,556,,MIRNA_SITE,POORLY_CONSERVED_SITE,POORLY_CONSERVED_SITE,,WEAK
Ras85D_EBC_MEL_MIR_0046,D.melanogaster,MIRNA_TARGET,MIRNA_SITE,7mer-m8,575,581,,MIRNA_SITE,POORLY_CONSERVED_SITE,POORLY_CONSERVED_SITE,,WEAK
Ras85D_EBC_MEL_MIR_0047,D.melanogaster,MIRNA_TARGET,MIRNA_SITE,7mer-m8,577,583,,MIRNA_SITE,POORLY_CONSERVED_SITE,POORLY_CONSERVED_SITE,,WEAK
Ras85D_EBC_MEL_MIR_0048,D.melanogaster,MIRNA_TARGET,MIRNA_SITE,7mer-A1,591,597,,MIRNA_SITE,POORLY_CONSERVED_SITE,POORLY_CONSERVED_SITE,,WEAK
Ras85D_EBC_MEL_MIR_0049,D.melanogaster,MIRNA_TARGET,MIRNA_SITE,7mer-A1,616,622,,MIRNA_SITE,POORLY_CONSERVED_SITE,POORLY_CONSERVED_SITE,,WEAK
Ras85D_EBC_MEL_MIR_0050,D.melanogaster,MIRNA_TARGET,MIRNA_SITE,7mer_unspecified_multisite,618,624,,MIRNA_SITE,POORLY_CONSERVED_SITE,POORLY_CONSERVED_SITE,,WEAK
Ras85D_EBC_MEL_MIR_0051,D.melanogaster,MIRNA_TARGET,MIRNA_SITE,7mer_unspecified_multisite,619,625,,MIRNA_SITE,POORLY_CONSERVED_SITE,POORLY_CONSERVED_SITE,,WEAK
Ras85D_EBC_MEL_MIR_0052,D.melanogaster,MIRNA_TARGET,MIRNA_SITE,7mer_unspecified_multisite,655,661,,MIRNA_SITE,CONSERVED_SITE,CONSERVED_SITE,,CONSERVED
Ras85D_EBC_MEL_MIR_0053,D.melanogaster,MIRNA_TARGET,MIRNA_SITE,7mer_unspecified_multisite,655,661,,MIRNA_SITE,POORLY_CONSERVED_SITE,POORLY_CONSERVED_SITE,,WEAK
Ras85D_EBC_MEL_MIR_0054,D.melanogaster,MIRNA_TARGET,MIRNA_SITE,7mer_unspecified_multisite,657,663,,MIRNA_SITE,POORLY_CONSERVED_SITE,POORLY_CONSERVED_SITE,,WEAK
Ras85D_EBC_MEL_MIR_0055,D.melanogaster,MIRNA_TARGET,MIRNA_SITE,7mer-m8,665,671,,MIRNA_SITE,POORLY_CONSERVED_SITE,POORLY_CONSERVED_SITE,,WEAK
Ras85D_EBC_MEL_MIR_0056,D.melanogaster,MIRNA_TARGET,MIRNA_SITE,7mer-m8,673,679,,MIRNA_SITE,POORLY_CONSERVED_SITE,POORLY_CONSERVED_SITE,,WEAK
Ras85D_EBC_MEL_MIR_0057,D.melanogaster,MIRNA_TARGET,MIRNA_SITE,7mer-A1,677,683,,MIRNA_SITE,POORLY_CONSERVED_SITE,POORLY_CONSERVED_SITE,,WEAK
Ras85D_EBC_MEL_MIR_0058,D.melanogaster,MIRNA_TARGET,MIRNA_SITE,7mer-A1,679,685,,MIRNA_SITE,POORLY_CONSERVED_SITE,POORLY_CONSERVED_SITE,,WEAK
Ras85D_EBC_MEL_MIR_0059,D.melanogaster,MIRNA_TARGET,MIRNA_SITE,7mer-m8,694,700,,MIRNA_SITE,POORLY_CONSERVED_SITE,POORLY_CONSERVED_SITE,,WEAK
Ras85D_EBC_MEL_MIR_0060,D.melanogaster,MIRNA_TARGET,MIRNA_SITE,7mer-A1,700,706,,MIRNA_SITE,POORLY_CONSERVED_SITE,POORLY_CONSERVED_SITE,,WEAK
Ras85D_EBC_MEL_MIR_0061,D.melanogaster,MIRNA_TARGET,MIRNA_SITE,7mer-m8,708,714,,MIRNA_SITE,POORLY_CONSERVED_SITE,POORLY_CONSERVED_SITE,,WEAK
Ras85D_EBC_MEL_MIR_0062,D.melanogaster,MIRNA_TARGET,MIRNA_SITE,8mer,717,724,,MIRNA_SITE,CONSERVED_SITE,CONSERVED_SITE,,CONSERVED
Ras85D_EBC_MEL_MIR_0063,D.melanogaster,MIRNA_TARGET,MIRNA_SITE,7mer_unspecified_multisite,732,738,,MIRNA_SITE,POORLY_CONSERVED_SITE,POORLY_CONSERVED_SITE,,WEAK
Ras85D_EBC_MEL_MIR_0064,D.melanogaster,MIRNA_TARGET,MIRNA_SITE,7mer-m8,750,756,,MIRNA_SITE,POORLY_CONSERVED_SITE,POORLY_CONSERVED_SITE,,WEAK
Ras85D_EBC_MEL_MIR_0065,D.melanogaster,MIRNA_TARGET,MIRNA_SITE,7mer-m8,756,762,,MIRNA_SITE,POORLY_CONSERVED_SITE,POORLY_CONSERVED_SITE,,WEAK
Ras85D_EBC_MEL_MIR_0066,D.melanogaster,MIRNA_TARGET,MIRNA_SITE,7mer-m8,774,780,,MIRNA_SITE,POORLY_CONSERVED_SITE,POORLY_CONSERVED_SITE,,WEAK
Ras85D_EBC_MEL_MIR_0067,D.melanogaster,MIRNA_TARGET,MIRNA_SITE,7mer-A1,774,780,,MIRNA_SITE,POORLY_CONSERVED_SITE,POORLY_CONSERVED_SITE,,WEAK
Ras85D_EBC_MEL_MIR_0068,D.melanogaster,MIRNA_TARGET,MIRNA_SITE,7mer_unspecified_multisite,802,808,,MIRNA_SITE,POORLY_CONSERVED_SITE,POORLY_CONSERVED_SITE,,WEAK
Ras85D_EBC_MEL_MIR_0069,D.melanogaster,MIRNA_TARGET,MIRNA_SITE,7mer_unspecified_multisite,802,808,,MIRNA_SITE,POORLY_CONSERVED_SITE,POORLY_CONSERVED_SITE,,WEAK
Ras85D_EBC_MEL_MIR_0070,D.melanogaster,MIRNA_TARGET,MIRNA_SITE,7mer-A1,806,812,,MIRNA_SITE,POORLY_CONSERVED_SITE,POORLY_CONSERVED_SITE,,WEAK
Ras85D_EBC_MEL_MIR_0071,D.melanogaster,MIRNA_TARGET,MIRNA_SITE,7mer-A1,830,836,,MIRNA_SITE,POORLY_CONSERVED_SITE,POORLY_CONSERVED_SITE,,WEAK
Ras85D_EBC_MEL_MIR_0072,D.melanogaster,MIRNA_TARGET,MIRNA_SITE,7mer-A1,843,849,,MIRNA_SITE,CONSERVED_SITE,CONSERVED_SITE,,CONSERVED
Ras85D_EBC_MEL_MIR_0073,D.melanogaster,MIRNA_TARGET,MIRNA_SITE,7mer_unspecified_multisite,848,854,,MIRNA_SITE,POORLY_CONSERVED_SITE,POORLY_CONSERVED_SITE,,WEAK
Ras85D_EBC_MEL_MIR_0074,D.melanogaster,MIRNA_TARGET,MIRNA_SITE,7mer_unspecified_multisite,856,862,,MIRNA_SITE,POORLY_CONSERVED_SITE,POORLY_CONSERVED_SITE,,WEAK
Ras85D_EBC_MEL_MIR_0075,D.melanogaster,MIRNA_TARGET,MIRNA_SITE,7mer_unspecified_multisite,857,863,,MIRNA_SITE,POORLY_CONSERVED_SITE,POORLY_CONSERVED_SITE,,WEAK
Ras85D_EBC_MEL_MIR_0076,D.melanogaster,MIRNA_TARGET,MIRNA_SITE,7mer_unspecified_multisite,861,867,,MIRNA_SITE,POORLY_CONSERVED_SITE,POORLY_CONSERVED_SITE,,WEAK
Ras85D_EBC_MEL_MIR_0077,D.melanogaster,MIRNA_TARGET,MIRNA_SITE,7mer_unspecified_multisite,865,871,,MIRNA_SITE,POORLY_CONSERVED_SITE,POORLY_CONSERVED_SITE,,WEAK
Ras85D_EBC_MEL_MIR_0078,D.melanogaster,MIRNA_TARGET,MIRNA_SITE,7mer_unspecified_multisite,867,873,,MIRNA_SITE,POORLY_CONSERVED_SITE,POORLY_CONSERVED_SITE,,WEAK
Ras85D_EBC_MEL_MIR_0079,D.melanogaster,MIRNA_TARGET,MIRNA_SITE,7mer-A1,871,877,,MIRNA_SITE,POORLY_CONSERVED_SITE,POORLY_CONSERVED_SITE,,WEAK
Ras85D_EBC_MEL_MIR_0080,D.melanogaster,MIRNA_TARGET,MIRNA_SITE,8mer,877,884,,MIRNA_SITE,POORLY_CONSERVED_SITE,POORLY_CONSERVED_SITE,,WEAK
Ras85D_EBC_MEL_MIR_0081,D.melanogaster,MIRNA_TARGET,MIRNA_SITE,8mer,878,885,,MIRNA_SITE,POORLY_CONSERVED_SITE,POORLY_CONSERVED_SITE,,WEAK
Ras85D_EBC_MEL_MIR_0082,D.melanogaster,MIRNA_TARGET,MIRNA_SITE,8mer,890,897,,MIRNA_SITE,POORLY_CONSERVED_SITE,POORLY_CONSERVED_SITE,,WEAK
Ras85D_EBC_MEL_MIR_0083,D.melanogaster,MIRNA_TARGET,MIRNA_SITE,7mer_unspecified_multisite,892,898,,MIRNA_SITE,POORLY_CONSERVED_SITE,POORLY_CONSERVED_SITE,,WEAK
Ras85D_EBC_MEL_MIR_0084,D.melanogaster,MIRNA_TARGET,MIRNA_SITE,7mer_unspecified_multisite,903,909,,MIRNA_SITE,CONSERVED_SITE,CONSERVED_SITE,,CONSERVED
Ras85D_EBC_MEL_MIR_0085,D.melanogaster,MIRNA_TARGET,MIRNA_SITE,7mer-A1,907,913,,MIRNA_SITE,POORLY_CONSERVED_SITE,POORLY_CONSERVED_SITE,,WEAK
Ras85D_EBC_MEL_MIR_0086,D.melanogaster,MIRNA_TARGET,MIRNA_SITE,8mer,907,914,,MIRNA_SITE,POORLY_CONSERVED_SITE,POORLY_CONSERVED_SITE,,WEAK
Ras85D_EBC_MEL_MIR_0087,D.melanogaster,MIRNA_TARGET,MIRNA_SITE,7mer_unspecified_multisite,912,918,,MIRNA_SITE,POORLY_CONSERVED_SITE,POORLY_CONSERVED_SITE,,WEAK
Ras85D_EBC_MEL_MIR_0088,D.melanogaster,MIRNA_TARGET,MIRNA_SITE,7mer_unspecified_multisite,912,918,,MIRNA_SITE,POORLY_CONSERVED_SITE,POORLY_CONSERVED_SITE,,WEAK
Ras85D_EBC_MEL_MIR_0089,D.melanogaster,MIRNA_TARGET,MIRNA_SITE,7mer_unspecified_multisite,917,923,,MIRNA_SITE,POORLY_CONSERVED_SITE,POORLY_CONSERVED_SITE,,WEAK
Ras85D_EBC_MEL_MIR_0090,D.melanogaster,MIRNA_TARGET,MIRNA_SITE,7mer-m8,922,928,,MIRNA_SITE,POORLY_CONSERVED_SITE,POORLY_CONSERVED_SITE,,WEAK
Ras85D_EBC_MEL_ECM_0001,D.melanogaster,CONSERVATION,ECM,ECM_15,1,30,,ECM,AYGGCCWCGCATWGGTTWTWWTTYWYTTTT,,15.0,15.0
Ras85D_EBC_MEL_ECM_0002,D.melanogaster,CONSERVATION,ECM,ECM_07,44,73,,ECM,STSKCCTGTTTGTSTGTATGTGHGTSKGYG,,7.0,7.0
Ras85D_EBC_MEL_ECM_0003,D.melanogaster,CONSERVATION,ECM,ECM_10,144,172,,ECM,GSRSSKKKTWGGTYGGTGCAATTGWYRGR,,10.0,10.0
Ras85D_EBC_MEL_ECM_0004,D.melanogaster,CONSERVATION,ECM,ECM_05,185,214,,ECM,AATTGTAATTAATTTAAGYAACTARAGTTT,,5.0,5.0
Ras85D_EBC_MEL_ECM_0005,D.melanogaster,CONSERVATION,ECM,ECM_11,230,258,,ECM,GWTTKTGTGRRTGTGTGTGTKYKSWKKYG,,11.0,11.0
Ras85D_EBC_MEL_ECM_0006,D.melanogaster,CONSERVATION,ECM,ECM_04,259,288,,ECM,TTTGAAARGCTKYGWGGCGCCCTTTTAAGA,,4.0,4.0
Ras85D_EBC_MEL_ECM_0007,D.melanogaster,CONSERVATION,ECM,ECM_17,289,317,,ECM,KKMTTRASAATAAMAAGCAAAYARAAWCG,,17.0,17.0
Ras85D_EBC_MEL_ECM_0008,D.melanogaster,CONSERVATION,ECM,ECM_16,324,352,,ECM,DCMAAWMGAAAATKRAAATGAAWATKTAMC,,16.0,16.0
Ras85D_EBC_MEL_ECM_0009,D.melanogaster,CONSERVATION,ECM,ECM_02,372,401,,ECM,ATACTRTTGTAACTGCCTTGGTTMAGCTGC,,2.0,2.0
Ras85D_EBC_MEL_ECM_0010,D.melanogaster,CONSERVATION,ECM,ECM_12,403,432,,ECM,ATAACCRTTTGTTTTCARYMAGCACDAAAC,,12.0,12.0
Ras85D_EBC_MEL_ECM_0011,D.melanogaster,CONSERVATION,ECM,ECM_06,572,601,,ECM,CRCWCACACGCACRARCAGAATTCCATTAG,,6.0,6.0
Ras85D_EBC_MEL_ECM_0012,D.melanogaster,CONSERVATION,ECM,ECM_14,707,736,,ECM,YAHATTTTTGTGGTGCTAAVWTGAWAAAAT,,14.0,14.0
Ras85D_EBC_MEL_ECM_0013,D.melanogaster,CONSERVATION,ECM,ECM_13,767,795,,ECM,TTTYTTTCTACTTAYCWTACTGACMGAWC,,13.0,13.0
Ras85D_EBC_MEL_ECM_0014,D.melanogaster,CONSERVATION,ECM,ECM_08,803,832,,ECM,KARAMAACAAGCAGCCAATTAMATWTACAT,,8.0,8.0
Ras85D_EBC_MEL_ECM_0015,D.melanogaster,CONSERVATION,ECM,ECM_01,837,866,,ECM,TAGTTTGCTTTAAGCTTTTTATACATACAT,,1.0,1.0
Ras85D_EBC_MEL_ECM_0016,D.melanogaster,CONSERVATION,ECM,ECM_03,888,917,,ECM,TTTTGTATTAATTTTTGCCATACAAAAAGG,,3.0,3.0
Ras85D_EBC_MEL_ECM_0017,D.melanogaster,CONSERVATION,ECM,ECM_09,919,948,,ECM,AMGWAATAAATCRATTGTGTGTACTATTTA,,9.0,9.0
Ras85D_EBC_MEL_UGUA_0001,D.melanogaster,POLYA_REGULATION,UGUA,UGUA,58,61,,UGUA,UGUA,,,UGUA | UGUA
Ras85D_EBC_MEL_UGUA_0002,D.melanogaster,POLYA_REGULATION,UGUA,UGUA,188,191,,UGUA,UGUA,,,UGUA | UGUA
Ras85D_EBC_MEL_UGUA_0003,D.melanogaster,POLYA_REGULATION,UGUA,UGUA,217,220,,UGUA,UGUA,,,UGUA | UGUA
Ras85D_EBC_MEL_UGUA_0004,D.melanogaster,POLYA_REGULATION,UGUA,UGUA,348,351,,UGUA,UGUA,,,UGUA | UGUA
Ras85D_EBC_MEL_UGUA_0005,D.melanogaster,POLYA_REGULATION,UGUA,UGUA,379,382,,UGUA,UGUA,,,UGUA | UGUA
Ras85D_EBC_MEL_UGUA_0006,D.melanogaster,POLYA_REGULATION,UGUA,UGUA,449,452,,UGUA,UGUA,,,UGUA | UGUA
Ras85D_EBC_MEL_UGUA_0007,D.melanogaster,POLYA_REGULATION,UGUA,UGUA,490,493,,UGUA,UGUA,,,UGUA | UGUA
Ras85D_EBC_MEL_UGUA_0008,D.melanogaster,POLYA_REGULATION,UGUA,UGUA,505,508,,UGUA,UGUA,,,UGUA | UGUA
Ras85D_EBC_MEL_UGUA_0009,D.melanogaster,POLYA_REGULATION,UGUA,UGUA,559,562,,UGUA,UGUA,,,UGUA | UGUA
Ras85D_EBC_MEL_UGUA_0010,D.melanogaster,POLYA_REGULATION,UGUA,UGUA,891,894,,UGUA,UGUA,,,UGUA | UGUA
Ras85D_EBC_MEL_UGUA_0011,D.melanogaster,POLYA_REGULATION,UGUA,UGUA,938,941,,UGUA,UGUA,,,UGUA | UGUA
Ras85D_EBC_MEL_PAS_0001,D.melanogaster,POLYA_REGULATION,PAS,1.5,167,172,,PAS,1.5,,,PAS | 1.5
Ras85D_EBC_MEL_PAS_0002,D.melanogaster,POLYA_REGULATION,PAS,2.5,318,329,,PAS,2.5,,,PAS | 2.5
Ras85D_EBC_MEL_PAS_0003,D.melanogaster,POLYA_REGULATION,PAS,2.5,342,347,,PAS,2.5,,,PAS | 2.5
Ras85D_EBC_MEL_PAS_0004,D.melanogaster,POLYA_REGULATION,PAS,1.5,351,356,,PAS,1.5,,,PAS | 1.5
Ras85D_EBC_MEL_PAS_0005,D.melanogaster,POLYA_REGULATION,PAS,1.5,474,479,,PAS,1.5,,,PAS | 1.5
Ras85D_EBC_MEL_PAS_0006,D.melanogaster,POLYA_REGULATION,PAS,2.5,537,542,,PAS,2.5,,,PAS | 2.5
Ras85D_EBC_MEL_PAS_0007,D.melanogaster,POLYA_REGULATION,PAS,1.5,713,718,,PAS,1.5,,,PAS | 1.5
Ras85D_EBC_MEL_PAS_0008,D.melanogaster,POLYA_REGULATION,PAS,2.5,804,809,,PAS,2.5,,,PAS | 2.5
Ras85D_EBC_MEL_PAS_0009,D.melanogaster,POLYA_REGULATION,PAS,3.5,907,912,,PAS,3.5,,,PAS | 3.5
Ras85D_EBC_MEL_CLV_0001,D.melanogaster,POLYA_REGULATION,CLEAVAGE,weak,4,4,,CLEAVAGE,cl_site_w,,,CLEAVAGE | cl_site_w
Ras85D_EBC_MEL_CLV_0002,D.melanogaster,POLYA_REGULATION,CLEAVAGE,weak,39,39,,CLEAVAGE,cl_site_w,,,CLEAVAGE | cl_site_w
Ras85D_EBC_MEL_CLV_0003,D.melanogaster,POLYA_REGULATION,CLEAVAGE,weak,195,195,,CLEAVAGE,cl_site_w,,,CLEAVAGE | cl_site_w
Ras85D_EBC_MEL_CLV_0004,D.melanogaster,POLYA_REGULATION,CLEAVAGE,strong,309,309,,CLEAVAGE,cl_site_s,,,CLEAVAGE | cl_site_s
Ras85D_EBC_MEL_CLV_0005,D.melanogaster,POLYA_REGULATION,CLEAVAGE,strong,351,351,,CLEAVAGE,cl_site_s,,,CLEAVAGE | cl_site_s
Ras85D_EBC_MEL_CLV_0006,D.melanogaster,POLYA_REGULATION,CLEAVAGE,weak,419,419,,CLEAVAGE,cl_site_w,,,CLEAVAGE | cl_site_w
Ras85D_EBC_MEL_CLV_0007,D.melanogaster,POLYA_REGULATION,CLEAVAGE,weak,480,480,,CLEAVAGE,cl_site_w,,,CLEAVAGE | cl_site_w
Ras85D_EBC_MEL_CLV_0008,D.melanogaster,POLYA_REGULATION,CLEAVAGE,weak,560,560,,CLEAVAGE,cl_site_w,,,CLEAVAGE | cl_site_w
Ras85D_EBC_MEL_CLV_0009,D.melanogaster,POLYA_REGULATION,CLEAVAGE,weak,607,607,,CLEAVAGE,cl_site_w,,,CLEAVAGE | cl_site_w
Ras85D_EBC_MEL_CLV_0010,D.melanogaster,POLYA_REGULATION,CLEAVAGE,weak,741,741,,CLEAVAGE,cl_site_w,,,CLEAVAGE | cl_site_w
Ras85D_EBC_MEL_CLV_0011,D.melanogaster,POLYA_REGULATION,CLEAVAGE,weak,867,867,,CLEAVAGE,cl_site_w,,,CLEAVAGE | cl_site_w
Ras85D_EBC_MEL_CLV_0012,D.melanogaster,POLYA_REGULATION,CLEAVAGE,strong,931,931,,CLEAVAGE,cl_site_s,,,CLEAVAGE | cl_site_s
Ras85D_EBC_MEL_DSE_0001,D.melanogaster,POLYA_REGULATION,DSE,down-st,27,33,,DSE,down-st,,,DSE | down-st
Ras85D_EBC_MEL_DSE_0002,D.melanogaster,POLYA_REGULATION,DSE,down-st,493,497,,DSE,down-st,,,DSE | down-st
Ras85D_EBC_MEL_DSE_0003,D.melanogaster,POLYA_REGULATION,DSE,down-st,550,555,,DSE,down-st,,,DSE | down-st
Ras85D_EBC_MEL_DSE_0004,D.melanogaster,POLYA_REGULATION,DSE,down-st,836,842,,DSE,down-st,,,DSE | down-st
Ras85D_EBC_MEL_DSE_0005,D.melanogaster,POLYA_REGULATION,DSE,down-st,870,875,,DSE,down-st,,,DSE | down-st
Ras85D_EBC_MEL_DSE_0006,D.melanogaster,POLYA_REGULATION,DSE,down-st,883,887,,DSE,down-st,,,DSE | down-st
Ras85D_EBC_MEL_DSE_0007,D.melanogaster,POLYA_REGULATION,DSE,down-st,919,924,,DSE,down-st,,,DSE | down-st
Ras85D_CTX_MEL_CENTROID_EXTERIOR_0001,D.melanogaster,RNA_STRUCTURE,STRUCTURE,EXTERIOR,1,2,Centroid,STRUCTURE_SEGMENT,EXTERIOR,,,Centroid | EXTERIOR
Ras85D_CTX_MEL_CENTROID_STEM_0001,D.melanogaster,RNA_STRUCTURE,STRUCTURE,STEM,3,8,Centroid,STRUCTURE_SEGMENT,STEM,,,Centroid | STEM
Ras85D_CTX_MEL_CENTROID_MULTILOOP_0001,D.melanogaster,RNA_STRUCTURE,STRUCTURE,MULTILOOP,9,10,Centroid,STRUCTURE_SEGMENT,MULTILOOP,,,Centroid | MULTILOOP
Ras85D_CTX_MEL_CENTROID_STEM_0002,D.melanogaster,RNA_STRUCTURE,STRUCTURE,STEM,11,17,Centroid,STRUCTURE_SEGMENT,STEM,,,Centroid | STEM
Ras85D_CTX_MEL_CENTROID_INTERNAL_LOOP_0001,D.melanogaster,RNA_STRUCTURE,STRUCTURE,INTERNAL_LOOP,18,42,Centroid,STRUCTURE_SEGMENT,INTERNAL_LOOP,,,Centroid | INTERNAL_LOOP
Ras85D_CTX_MEL_CENTROID_STEM_0003,D.melanogaster,RNA_STRUCTURE,STRUCTURE,STEM,43,46,Centroid,STRUCTURE_SEGMENT,STEM,,,Centroid | STEM
Ras85D_CTX_MEL_CENTROID_MULTILOOP_0002,D.melanogaster,RNA_STRUCTURE,STRUCTURE,MULTILOOP,47,48,Centroid,STRUCTURE_SEGMENT,MULTILOOP,,,Centroid | MULTILOOP
Ras85D_CTX_MEL_CENTROID_STEM_0004,D.melanogaster,RNA_STRUCTURE,STRUCTURE,STEM,49,56,Centroid,STRUCTURE_SEGMENT,STEM,,,Centroid | STEM
Ras85D_CTX_MEL_CENTROID_INTERNAL_LOOP_0002,D.melanogaster,RNA_STRUCTURE,STRUCTURE,INTERNAL_LOOP,57,57,Centroid,STRUCTURE_SEGMENT,INTERNAL_LOOP,,,Centroid | INTERNAL_LOOP
Ras85D_CTX_MEL_CENTROID_STEM_0005,D.melanogaster,RNA_STRUCTURE,STRUCTURE,STEM,58,60,Centroid,STRUCTURE_SEGMENT,STEM,,,Centroid | STEM
Ras85D_CTX_MEL_CENTROID_INTERNAL_LOOP_0003,D.melanogaster,RNA_STRUCTURE,STRUCTURE,INTERNAL_LOOP,61,61,Centroid,STRUCTURE_SEGMENT,INTERNAL_LOOP,,,Centroid | INTERNAL_LOOP
Ras85D_CTX_MEL_CENTROID_STEM_0006,D.melanogaster,RNA_STRUCTURE,STRUCTURE,STEM,62,73,Centroid,STRUCTURE_SEGMENT,STEM,,,Centroid | STEM
Ras85D_CTX_MEL_CENTROID_HAIRPIN_LOOP_0001,D.melanogaster,RNA_STRUCTURE,STRUCTURE,HAIRPIN_LOOP,74,76,Centroid,STRUCTURE_SEGMENT,HAIRPIN_LOOP,,,Centroid | HAIRPIN_LOOP
Ras85D_CTX_MEL_CENTROID_STEM_0007,D.melanogaster,RNA_STRUCTURE,STRUCTURE,STEM,77,82,Centroid,STRUCTURE_SEGMENT,STEM,,,Centroid | STEM
Ras85D_CTX_MEL_CENTROID_MULTILOOP_0003,D.melanogaster,RNA_STRUCTURE,STRUCTURE,MULTILOOP,83,88,Centroid,STRUCTURE_SEGMENT,MULTILOOP,,,Centroid | MULTILOOP
Ras85D_CTX_MEL_CENTROID_STEM_0008,D.melanogaster,RNA_STRUCTURE,STRUCTURE,STEM,89,93,Centroid,STRUCTURE_SEGMENT,STEM,,,Centroid | STEM
Ras85D_CTX_MEL_CENTROID_INTERNAL_LOOP_0004,D.melanogaster,RNA_STRUCTURE,STRUCTURE,INTERNAL_LOOP,94,94,Centroid,STRUCTURE_SEGMENT,INTERNAL_LOOP,,,Centroid | INTERNAL_LOOP
Ras85D_CTX_MEL_CENTROID_STEM_0009,D.melanogaster,RNA_STRUCTURE,STRUCTURE,STEM,95,96,Centroid,STRUCTURE_SEGMENT,STEM,,,Centroid | STEM
Ras85D_CTX_MEL_CENTROID_MULTILOOP_0004,D.melanogaster,RNA_STRUCTURE,STRUCTURE,MULTILOOP,97,99,Centroid,STRUCTURE_SEGMENT,MULTILOOP,,,Centroid | MULTILOOP
Ras85D_CTX_MEL_CENTROID_STEM_0010,D.melanogaster,RNA_STRUCTURE,STRUCTURE,STEM,100,101,Centroid,STRUCTURE_SEGMENT,STEM,,,Centroid | STEM
Ras85D_CTX_MEL_CENTROID_INTERNAL_LOOP_0005,D.melanogaster,RNA_STRUCTURE,STRUCTURE,INTERNAL_LOOP,102,102,Centroid,STRUCTURE_SEGMENT,INTERNAL_LOOP,,,Centroid | INTERNAL_LOOP
Ras85D_CTX_MEL_CENTROID_STEM_0011,D.melanogaster,RNA_STRUCTURE,STRUCTURE,STEM,103,108,Centroid,STRUCTURE_SEGMENT,STEM,,,Centroid | STEM
Ras85D_CTX_MEL_CENTROID_HAIRPIN_LOOP_0002,D.melanogaster,RNA_STRUCTURE,STRUCTURE,HAIRPIN_LOOP,109,111,Centroid,STRUCTURE_SEGMENT,HAIRPIN_LOOP,,,Centroid | HAIRPIN_LOOP
Ras85D_CTX_MEL_CENTROID_STEM_0012,D.melanogaster,RNA_STRUCTURE,STRUCTURE,STEM,112,117,Centroid,STRUCTURE_SEGMENT,STEM,,,Centroid | STEM
Ras85D_CTX_MEL_CENTROID_INTERNAL_LOOP_0006,D.melanogaster,RNA_STRUCTURE,STRUCTURE,INTERNAL_LOOP,118,118,Centroid,STRUCTURE_SEGMENT,INTERNAL_LOOP,,,Centroid | INTERNAL_LOOP
Ras85D_CTX_MEL_CENTROID_STEM_0013,D.melanogaster,RNA_STRUCTURE,STRUCTURE,STEM,119,120,Centroid,STRUCTURE_SEGMENT,STEM,,,Centroid | STEM
Ras85D_CTX_MEL_CENTROID_MULTILOOP_0005,D.melanogaster,RNA_STRUCTURE,STRUCTURE,MULTILOOP,121,127,Centroid,STRUCTURE_SEGMENT,MULTILOOP,,,Centroid | MULTILOOP
Ras85D_CTX_MEL_CENTROID_STEM_0014,D.melanogaster,RNA_STRUCTURE,STRUCTURE,STEM,128,140,Centroid,STRUCTURE_SEGMENT,STEM,,,Centroid | STEM
Ras85D_CTX_MEL_CENTROID_INTERNAL_LOOP_0007,D.melanogaster,RNA_STRUCTURE,STRUCTURE,INTERNAL_LOOP,141,144,Centroid,STRUCTURE_SEGMENT,INTERNAL_LOOP,,,Centroid | INTERNAL_LOOP
Ras85D_CTX_MEL_CENTROID_STEM_0015,D.melanogaster,RNA_STRUCTURE,STRUCTURE,STEM,145,146,Centroid,STRUCTURE_SEGMENT,STEM,,,Centroid | STEM
Ras85D_CTX_MEL_CENTROID_INTERNAL_LOOP_0008,D.melanogaster,RNA_STRUCTURE,STRUCTURE,INTERNAL_LOOP,147,147,Centroid,STRUCTURE_SEGMENT,INTERNAL_LOOP,,,Centroid | INTERNAL_LOOP
Ras85D_CTX_MEL_CENTROID_STEM_0016,D.melanogaster,RNA_STRUCTURE,STRUCTURE,STEM,148,150,Centroid,STRUCTURE_SEGMENT,STEM,,,Centroid | STEM
Ras85D_CTX_MEL_CENTROID_INTERNAL_LOOP_0009,D.melanogaster,RNA_STRUCTURE,STRUCTURE,INTERNAL_LOOP,151,151,Centroid,STRUCTURE_SEGMENT,INTERNAL_LOOP,,,Centroid | INTERNAL_LOOP
Ras85D_CTX_MEL_CENTROID_STEM_0017,D.melanogaster,RNA_STRUCTURE,STRUCTURE,STEM,152,155,Centroid,STRUCTURE_SEGMENT,STEM,,,Centroid | STEM
Ras85D_CTX_MEL_CENTROID_BULGE_0001,D.melanogaster,RNA_STRUCTURE,STRUCTURE,BULGE,156,156,Centroid,STRUCTURE_SEGMENT,BULGE,,,Centroid | BULGE
Ras85D_CTX_MEL_CENTROID_STEM_0018,D.melanogaster,RNA_STRUCTURE,STRUCTURE,STEM,157,157,Centroid,STRUCTURE_SEGMENT,STEM,,,Centroid | STEM
Ras85D_CTX_MEL_CENTROID_INTERNAL_LOOP_0010,D.melanogaster,RNA_STRUCTURE,STRUCTURE,INTERNAL_LOOP,158,159,Centroid,STRUCTURE_SEGMENT,INTERNAL_LOOP,,,Centroid | INTERNAL_LOOP
Ras85D_CTX_MEL_CENTROID_STEM_0019,D.melanogaster,RNA_STRUCTURE,STRUCTURE,STEM,160,163,Centroid,STRUCTURE_SEGMENT,STEM,,,Centroid | STEM
Ras85D_CTX_MEL_CENTROID_HAIRPIN_LOOP_0003,D.melanogaster,RNA_STRUCTURE,STRUCTURE,HAIRPIN_LOOP,164,216,Centroid,STRUCTURE_SEGMENT,HAIRPIN_LOOP,,,Centroid | HAIRPIN_LOOP
Ras85D_CTX_MEL_CENTROID_STEM_0020,D.melanogaster,RNA_STRUCTURE,STRUCTURE,STEM,217,220,Centroid,STRUCTURE_SEGMENT,STEM,,,Centroid | STEM
Ras85D_CTX_MEL_CENTROID_INTERNAL_LOOP_0011,D.melanogaster,RNA_STRUCTURE,STRUCTURE,INTERNAL_LOOP,221,221,Centroid,STRUCTURE_SEGMENT,INTERNAL_LOOP,,,Centroid | INTERNAL_LOOP
Ras85D_CTX_MEL_CENTROID_STEM_0021,D.melanogaster,RNA_STRUCTURE,STRUCTURE,STEM,222,226,Centroid,STRUCTURE_SEGMENT,STEM,,,Centroid | STEM
Ras85D_CTX_MEL_CENTROID_INTERNAL_LOOP_0012,D.melanogaster,RNA_STRUCTURE,STRUCTURE,INTERNAL_LOOP,227,227,Centroid,STRUCTURE_SEGMENT,INTERNAL_LOOP,,,Centroid | INTERNAL_LOOP
Ras85D_CTX_MEL_CENTROID_STEM_0022,D.melanogaster,RNA_STRUCTURE,STRUCTURE,STEM,228,230,Centroid,STRUCTURE_SEGMENT,STEM,,,Centroid | STEM
Ras85D_CTX_MEL_CENTROID_INTERNAL_LOOP_0013,D.melanogaster,RNA_STRUCTURE,STRUCTURE,INTERNAL_LOOP,231,232,Centroid,STRUCTURE_SEGMENT,INTERNAL_LOOP,,,Centroid | INTERNAL_LOOP
Ras85D_CTX_MEL_CENTROID_STEM_0023,D.melanogaster,RNA_STRUCTURE,STRUCTURE,STEM,233,234,Centroid,STRUCTURE_SEGMENT,STEM,,,Centroid | STEM
Ras85D_CTX_MEL_CENTROID_INTERNAL_LOOP_0014,D.melanogaster,RNA_STRUCTURE,STRUCTURE,INTERNAL_LOOP,235,239,Centroid,STRUCTURE_SEGMENT,INTERNAL_LOOP,,,Centroid | INTERNAL_LOOP
Ras85D_CTX_MEL_CENTROID_STEM_0024,D.melanogaster,RNA_STRUCTURE,STRUCTURE,STEM,240,252,Centroid,STRUCTURE_SEGMENT,STEM,,,Centroid | STEM
Ras85D_CTX_MEL_CENTROID_MULTILOOP_0006,D.melanogaster,RNA_STRUCTURE,STRUCTURE,MULTILOOP,253,259,Centroid,STRUCTURE_SEGMENT,MULTILOOP,,,Centroid | MULTILOOP
Ras85D_CTX_MEL_CENTROID_STEM_0025,D.melanogaster,RNA_STRUCTURE,STRUCTURE,STEM,260,267,Centroid,STRUCTURE_SEGMENT,STEM,,,Centroid | STEM
Ras85D_CTX_MEL_CENTROID_INTERNAL_LOOP_0015,D.melanogaster,RNA_STRUCTURE,STRUCTURE,INTERNAL_LOOP,268,268,Centroid,STRUCTURE_SEGMENT,INTERNAL_LOOP,,,Centroid | INTERNAL_LOOP
Ras85D_CTX_MEL_CENTROID_STEM_0026,D.melanogaster,RNA_STRUCTURE,STRUCTURE,STEM,269,271,Centroid,STRUCTURE_SEGMENT,STEM,,,Centroid | STEM
Ras85D_CTX_MEL_CENTROID_HAIRPIN_LOOP_0004,D.melanogaster,RNA_STRUCTURE,STRUCTURE,HAIRPIN_LOOP,272,274,Centroid,STRUCTURE_SEGMENT,HAIRPIN_LOOP,,,Centroid | HAIRPIN_LOOP
Ras85D_CTX_MEL_CENTROID_STEM_0027,D.melanogaster,RNA_STRUCTURE,STRUCTURE,STEM,275,277,Centroid,STRUCTURE_SEGMENT,STEM,,,Centroid | STEM
Ras85D_CTX_MEL_CENTROID_INTERNAL_LOOP_0016,D.melanogaster,RNA_STRUCTURE,STRUCTURE,INTERNAL_LOOP,278,278,Centroid,STRUCTURE_SEGMENT,INTERNAL_LOOP,,,Centroid | INTERNAL_LOOP
Ras85D_CTX_MEL_CENTROID_STEM_0028,D.melanogaster,RNA_STRUCTURE,STRUCTURE,STEM,279,293,Centroid,STRUCTURE_SEGMENT,STEM,,,Centroid | STEM
Ras85D_CTX_MEL_CENTROID_INTERNAL_LOOP_0017,D.melanogaster,RNA_STRUCTURE,STRUCTURE,INTERNAL_LOOP,294,300,Centroid,STRUCTURE_SEGMENT,INTERNAL_LOOP,,,Centroid | INTERNAL_LOOP
Ras85D_CTX_MEL_CENTROID_STEM_0029,D.melanogaster,RNA_STRUCTURE,STRUCTURE,STEM,301,306,Centroid,STRUCTURE_SEGMENT,STEM,,,Centroid | STEM
Ras85D_CTX_MEL_CENTROID_INTERNAL_LOOP_0018,D.melanogaster,RNA_STRUCTURE,STRUCTURE,INTERNAL_LOOP,307,309,Centroid,STRUCTURE_SEGMENT,INTERNAL_LOOP,,,Centroid | INTERNAL_LOOP
Ras85D_CTX_MEL_CENTROID_STEM_0030,D.melanogaster,RNA_STRUCTURE,STRUCTURE,STEM,310,321,Centroid,STRUCTURE_SEGMENT,STEM,,,Centroid | STEM
Ras85D_CTX_MEL_CENTROID_INTERNAL_LOOP_0019,D.melanogaster,RNA_STRUCTURE,STRUCTURE,INTERNAL_LOOP,322,322,Centroid,STRUCTURE_SEGMENT,INTERNAL_LOOP,,,Centroid | INTERNAL_LOOP
Ras85D_CTX_MEL_CENTROID_STEM_0031,D.melanogaster,RNA_STRUCTURE,STRUCTURE,STEM,323,326,Centroid,STRUCTURE_SEGMENT,STEM,,,Centroid | STEM
Ras85D_CTX_MEL_CENTROID_MULTILOOP_0007,D.melanogaster,RNA_STRUCTURE,STRUCTURE,MULTILOOP,327,345,Centroid,STRUCTURE_SEGMENT,MULTILOOP,,,Centroid | MULTILOOP
Ras85D_CTX_MEL_CENTROID_STEM_0032,D.melanogaster,RNA_STRUCTURE,STRUCTURE,STEM,346,351,Centroid,STRUCTURE_SEGMENT,STEM,,,Centroid | STEM
Ras85D_CTX_MEL_CENTROID_HAIRPIN_LOOP_0005,D.melanogaster,RNA_STRUCTURE,STRUCTURE,HAIRPIN_LOOP,352,355,Centroid,STRUCTURE_SEGMENT,HAIRPIN_LOOP,,,Centroid | HAIRPIN_LOOP
Ras85D_CTX_MEL_CENTROID_STEM_0033,D.melanogaster,RNA_STRUCTURE,STRUCTURE,STEM,356,361,Centroid,STRUCTURE_SEGMENT,STEM,,,Centroid | STEM
Ras85D_CTX_MEL_CENTROID_MULTILOOP_0008,D.melanogaster,RNA_STRUCTURE,STRUCTURE,MULTILOOP,362,376,Centroid,STRUCTURE_SEGMENT,MULTILOOP,,,Centroid | MULTILOOP
Ras85D_CTX_MEL_CENTROID_STEM_0034,D.melanogaster,RNA_STRUCTURE,STRUCTURE,STEM,377,380,Centroid,STRUCTURE_SEGMENT,STEM,,,Centroid | STEM
Ras85D_CTX_MEL_CENTROID_BULGE_0002,D.melanogaster,RNA_STRUCTURE,STRUCTURE,BULGE,381,381,Centroid,STRUCTURE_SEGMENT,BULGE,,,Centroid | BULGE
Ras85D_CTX_MEL_CENTROID_STEM_0035,D.melanogaster,RNA_STRUCTURE,STRUCTURE,STEM,382,385,Centroid,STRUCTURE_SEGMENT,STEM,,,Centroid | STEM
Ras85D_CTX_MEL_CENTROID_HAIRPIN_LOOP_0006,D.melanogaster,RNA_STRUCTURE,STRUCTURE,HAIRPIN_LOOP,386,390,Centroid,STRUCTURE_SEGMENT,HAIRPIN_LOOP,,,Centroid | HAIRPIN_LOOP
Ras85D_CTX_MEL_CENTROID_STEM_0036,D.melanogaster,RNA_STRUCTURE,STRUCTURE,STEM,391,402,Centroid,STRUCTURE_SEGMENT,STEM,,,Centroid | STEM
Ras85D_CTX_MEL_CENTROID_INTERNAL_LOOP_0020,D.melanogaster,RNA_STRUCTURE,STRUCTURE,INTERNAL_LOOP,403,407,Centroid,STRUCTURE_SEGMENT,INTERNAL_LOOP,,,Centroid | INTERNAL_LOOP
Ras85D_CTX_MEL_CENTROID_STEM_0037,D.melanogaster,RNA_STRUCTURE,STRUCTURE,STEM,408,417,Centroid,STRUCTURE_SEGMENT,STEM,,,Centroid | STEM
Ras85D_CTX_MEL_CENTROID_BULGE_0003,D.melanogaster,RNA_STRUCTURE,STRUCTURE,BULGE,418,441,Centroid,STRUCTURE_SEGMENT,BULGE,,,Centroid | BULGE
Ras85D_CTX_MEL_CENTROID_STEM_0038,D.melanogaster,RNA_STRUCTURE,STRUCTURE,STEM,442,443,Centroid,STRUCTURE_SEGMENT,STEM,,,Centroid | STEM
Ras85D_CTX_MEL_CENTROID_INTERNAL_LOOP_0021,D.melanogaster,RNA_STRUCTURE,STRUCTURE,INTERNAL_LOOP,444,445,Centroid,STRUCTURE_SEGMENT,INTERNAL_LOOP,,,Centroid | INTERNAL_LOOP
Ras85D_CTX_MEL_CENTROID_STEM_0039,D.melanogaster,RNA_STRUCTURE,STRUCTURE,STEM,446,451,Centroid,STRUCTURE_SEGMENT,STEM,,,Centroid | STEM
Ras85D_CTX_MEL_CENTROID_INTERNAL_LOOP_0022,D.melanogaster,RNA_STRUCTURE,STRUCTURE,INTERNAL_LOOP,452,460,Centroid,STRUCTURE_SEGMENT,INTERNAL_LOOP,,,Centroid | INTERNAL_LOOP
Ras85D_CTX_MEL_CENTROID_STEM_0040,D.melanogaster,RNA_STRUCTURE,STRUCTURE,STEM,461,469,Centroid,STRUCTURE_SEGMENT,STEM,,,Centroid | STEM
Ras85D_CTX_MEL_CENTROID_INTERNAL_LOOP_0023,D.melanogaster,RNA_STRUCTURE,STRUCTURE,INTERNAL_LOOP,470,470,Centroid,STRUCTURE_SEGMENT,INTERNAL_LOOP,,,Centroid | INTERNAL_LOOP
Ras85D_CTX_MEL_CENTROID_STEM_0041,D.melanogaster,RNA_STRUCTURE,STRUCTURE,STEM,471,475,Centroid,STRUCTURE_SEGMENT,STEM,,,Centroid | STEM
Ras85D_CTX_MEL_CENTROID_MULTILOOP_0009,D.melanogaster,RNA_STRUCTURE,STRUCTURE,MULTILOOP,476,483,Centroid,STRUCTURE_SEGMENT,MULTILOOP,,,Centroid | MULTILOOP
Ras85D_CTX_MEL_CENTROID_STEM_0042,D.melanogaster,RNA_STRUCTURE,STRUCTURE,STEM,484,492,Centroid,STRUCTURE_SEGMENT,STEM,,,Centroid | STEM
Ras85D_CTX_MEL_CENTROID_HAIRPIN_LOOP_0007,D.melanogaster,RNA_STRUCTURE,STRUCTURE,HAIRPIN_LOOP,493,498,Centroid,STRUCTURE_SEGMENT,HAIRPIN_LOOP,,,Centroid | HAIRPIN_LOOP
Ras85D_CTX_MEL_CENTROID_STEM_0043,D.melanogaster,RNA_STRUCTURE,STRUCTURE,STEM,499,507,Centroid,STRUCTURE_SEGMENT,STEM,,,Centroid | STEM
Ras85D_CTX_MEL_CENTROID_MULTILOOP_0010,D.melanogaster,RNA_STRUCTURE,STRUCTURE,MULTILOOP,508,511,Centroid,STRUCTURE_SEGMENT,MULTILOOP,,,Centroid | MULTILOOP
Ras85D_CTX_MEL_CENTROID_STEM_0044,D.melanogaster,RNA_STRUCTURE,STRUCTURE,STEM,512,516,Centroid,STRUCTURE_SEGMENT,STEM,,,Centroid | STEM
Ras85D_CTX_MEL_CENTROID_INTERNAL_LOOP_0024,D.melanogaster,RNA_STRUCTURE,STRUCTURE,INTERNAL_LOOP,517,520,Centroid,STRUCTURE_SEGMENT,INTERNAL_LOOP,,,Centroid | INTERNAL_LOOP
Ras85D_CTX_MEL_CENTROID_STEM_0045,D.melanogaster,RNA_STRUCTURE,STRUCTURE,STEM,521,523,Centroid,STRUCTURE_SEGMENT,STEM,,,Centroid | STEM
Ras85D_CTX_MEL_CENTROID_INTERNAL_LOOP_0025,D.melanogaster,RNA_STRUCTURE,STRUCTURE,INTERNAL_LOOP,524,526,Centroid,STRUCTURE_SEGMENT,INTERNAL_LOOP,,,Centroid | INTERNAL_LOOP
Ras85D_CTX_MEL_CENTROID_STEM_0046,D.melanogaster,RNA_STRUCTURE,STRUCTURE,STEM,527,528,Centroid,STRUCTURE_SEGMENT,STEM,,,Centroid | STEM
Ras85D_CTX_MEL_CENTROID_INTERNAL_LOOP_0026,D.melanogaster,RNA_STRUCTURE,STRUCTURE,INTERNAL_LOOP,529,529,Centroid,STRUCTURE_SEGMENT,INTERNAL_LOOP,,,Centroid | INTERNAL_LOOP
Ras85D_CTX_MEL_CENTROID_STEM_0047,D.melanogaster,RNA_STRUCTURE,STRUCTURE,STEM,530,533,Centroid,STRUCTURE_SEGMENT,STEM,,,Centroid | STEM
Ras85D_CTX_MEL_CENTROID_HAIRPIN_LOOP_0008,D.melanogaster,RNA_STRUCTURE,STRUCTURE,HAIRPIN_LOOP,534,540,Centroid,STRUCTURE_SEGMENT,HAIRPIN_LOOP,,,Centroid | HAIRPIN_LOOP
Ras85D_CTX_MEL_CENTROID_STEM_0048,D.melanogaster,RNA_STRUCTURE,STRUCTURE,STEM,541,544,Centroid,STRUCTURE_SEGMENT,STEM,,,Centroid | STEM
Ras85D_CTX_MEL_CENTROID_INTERNAL_LOOP_0027,D.melanogaster,RNA_STRUCTURE,STRUCTURE,INTERNAL_LOOP,545,545,Centroid,STRUCTURE_SEGMENT,INTERNAL_LOOP,,,Centroid | INTERNAL_LOOP
Ras85D_CTX_MEL_CENTROID_STEM_0049,D.melanogaster,RNA_STRUCTURE,STRUCTURE,STEM,546,547,Centroid,STRUCTURE_SEGMENT,STEM,,,Centroid | STEM
Ras85D_CTX_MEL_CENTROID_INTERNAL_LOOP_0028,D.melanogaster,RNA_STRUCTURE,STRUCTURE,INTERNAL_LOOP,548,551,Centroid,STRUCTURE_SEGMENT,INTERNAL_LOOP,,,Centroid | INTERNAL_LOOP
Ras85D_CTX_MEL_CENTROID_STEM_0050,D.melanogaster,RNA_STRUCTURE,STRUCTURE,STEM,552,554,Centroid,STRUCTURE_SEGMENT,STEM,,,Centroid | STEM
Ras85D_CTX_MEL_CENTROID_INTERNAL_LOOP_0029,D.melanogaster,RNA_STRUCTURE,STRUCTURE,INTERNAL_LOOP,555,558,Centroid,STRUCTURE_SEGMENT,INTERNAL_LOOP,,,Centroid | INTERNAL_LOOP
Ras85D_CTX_MEL_CENTROID_STEM_0051,D.melanogaster,RNA_STRUCTURE,STRUCTURE,STEM,559,563,Centroid,STRUCTURE_SEGMENT,STEM,,,Centroid | STEM
Ras85D_CTX_MEL_CENTROID_MULTILOOP_0011,D.melanogaster,RNA_STRUCTURE,STRUCTURE,MULTILOOP,564,571,Centroid,STRUCTURE_SEGMENT,MULTILOOP,,,Centroid | MULTILOOP
Ras85D_CTX_MEL_CENTROID_STEM_0052,D.melanogaster,RNA_STRUCTURE,STRUCTURE,STEM,572,577,Centroid,STRUCTURE_SEGMENT,STEM,,,Centroid | STEM
Ras85D_CTX_MEL_CENTROID_INTERNAL_LOOP_0030,D.melanogaster,RNA_STRUCTURE,STRUCTURE,INTERNAL_LOOP,578,578,Centroid,STRUCTURE_SEGMENT,INTERNAL_LOOP,,,Centroid | INTERNAL_LOOP
Ras85D_CTX_MEL_CENTROID_STEM_0053,D.melanogaster,RNA_STRUCTURE,STRUCTURE,STEM,579,581,Centroid,STRUCTURE_SEGMENT,STEM,,,Centroid | STEM
Ras85D_CTX_MEL_CENTROID_INTERNAL_LOOP_0031,D.melanogaster,RNA_STRUCTURE,STRUCTURE,INTERNAL_LOOP,582,582,Centroid,STRUCTURE_SEGMENT,INTERNAL_LOOP,,,Centroid | INTERNAL_LOOP
Ras85D_CTX_MEL_CENTROID_STEM_0054,D.melanogaster,RNA_STRUCTURE,STRUCTURE,STEM,583,590,Centroid,STRUCTURE_SEGMENT,STEM,,,Centroid | STEM
Ras85D_CTX_MEL_CENTROID_MULTILOOP_0012,D.melanogaster,RNA_STRUCTURE,STRUCTURE,MULTILOOP,591,603,Centroid,STRUCTURE_SEGMENT,MULTILOOP,,,Centroid | MULTILOOP
Ras85D_CTX_MEL_CENTROID_STEM_0055,D.melanogaster,RNA_STRUCTURE,STRUCTURE,STEM,604,611,Centroid,STRUCTURE_SEGMENT,STEM,,,Centroid | STEM
Ras85D_CTX_MEL_CENTROID_INTERNAL_LOOP_0032,D.melanogaster,RNA_STRUCTURE,STRUCTURE,INTERNAL_LOOP,612,675,Centroid,STRUCTURE_SEGMENT,INTERNAL_LOOP,,,Centroid | INTERNAL_LOOP
Ras85D_CTX_MEL_CENTROID_STEM_0056,D.melanogaster,RNA_STRUCTURE,STRUCTURE,STEM,676,679,Centroid,STRUCTURE_SEGMENT,STEM,,,Centroid | STEM
Ras85D_CTX_MEL_CENTROID_INTERNAL_LOOP_0033,D.melanogaster,RNA_STRUCTURE,STRUCTURE,INTERNAL_LOOP,680,680,Centroid,STRUCTURE_SEGMENT,INTERNAL_LOOP,,,Centroid | INTERNAL_LOOP
Ras85D_CTX_MEL_CENTROID_STEM_0057,D.melanogaster,RNA_STRUCTURE,STRUCTURE,STEM,681,683,Centroid,STRUCTURE_SEGMENT,STEM,,,Centroid | STEM
Ras85D_CTX_MEL_CENTROID_BULGE_0004,D.melanogaster,RNA_STRUCTURE,STRUCTURE,BULGE,684,686,Centroid,STRUCTURE_SEGMENT,BULGE,,,Centroid | BULGE
Ras85D_CTX_MEL_CENTROID_STEM_0058,D.melanogaster,RNA_STRUCTURE,STRUCTURE,STEM,687,691,Centroid,STRUCTURE_SEGMENT,STEM,,,Centroid | STEM
Ras85D_CTX_MEL_CENTROID_INTERNAL_LOOP_0034,D.melanogaster,RNA_STRUCTURE,STRUCTURE,INTERNAL_LOOP,692,694,Centroid,STRUCTURE_SEGMENT,INTERNAL_LOOP,,,Centroid | INTERNAL_LOOP
Ras85D_CTX_MEL_CENTROID_STEM_0059,D.melanogaster,RNA_STRUCTURE,STRUCTURE,STEM,695,698,Centroid,STRUCTURE_SEGMENT,STEM,,,Centroid | STEM
Ras85D_CTX_MEL_CENTROID_HAIRPIN_LOOP_0009,D.melanogaster,RNA_STRUCTURE,STRUCTURE,HAIRPIN_LOOP,699,704,Centroid,STRUCTURE_SEGMENT,HAIRPIN_LOOP,,,Centroid | HAIRPIN_LOOP
Ras85D_CTX_MEL_CENTROID_STEM_0060,D.melanogaster,RNA_STRUCTURE,STRUCTURE,STEM,705,708,Centroid,STRUCTURE_SEGMENT,STEM,,,Centroid | STEM
Ras85D_CTX_MEL_CENTROID_INTERNAL_LOOP_0035,D.melanogaster,RNA_STRUCTURE,STRUCTURE,INTERNAL_LOOP,709,711,Centroid,STRUCTURE_SEGMENT,INTERNAL_LOOP,,,Centroid | INTERNAL_LOOP
Ras85D_CTX_MEL_CENTROID_STEM_0061,D.melanogaster,RNA_STRUCTURE,STRUCTURE,STEM,712,719,Centroid,STRUCTURE_SEGMENT,STEM,,,Centroid | STEM
Ras85D_CTX_MEL_CENTROID_INTERNAL_LOOP_0036,D.melanogaster,RNA_STRUCTURE,STRUCTURE,INTERNAL_LOOP,720,720,Centroid,STRUCTURE_SEGMENT,INTERNAL_LOOP,,,Centroid | INTERNAL_LOOP
Ras85D_CTX_MEL_CENTROID_STEM_0062,D.melanogaster,RNA_STRUCTURE,STRUCTURE,STEM,721,724,Centroid,STRUCTURE_SEGMENT,STEM,,,Centroid | STEM
Ras85D_CTX_MEL_CENTROID_INTERNAL_LOOP_0037,D.melanogaster,RNA_STRUCTURE,STRUCTURE,INTERNAL_LOOP,725,726,Centroid,STRUCTURE_SEGMENT,INTERNAL_LOOP,,,Centroid | INTERNAL_LOOP
Ras85D_CTX_MEL_CENTROID_STEM_0063,D.melanogaster,RNA_STRUCTURE,STRUCTURE,STEM,727,734,Centroid,STRUCTURE_SEGMENT,STEM,,,Centroid | STEM
Ras85D_CTX_MEL_CENTROID_MULTILOOP_0013,D.melanogaster,RNA_STRUCTURE,STRUCTURE,MULTILOOP,735,744,Centroid,STRUCTURE_SEGMENT,MULTILOOP,,,Centroid | MULTILOOP
Ras85D_CTX_MEL_CENTROID_STEM_0064,D.melanogaster,RNA_STRUCTURE,STRUCTURE,STEM,745,752,Centroid,STRUCTURE_SEGMENT,STEM,,,Centroid | STEM
Ras85D_CTX_MEL_CENTROID_INTERNAL_LOOP_0038,D.melanogaster,RNA_STRUCTURE,STRUCTURE,INTERNAL_LOOP,753,756,Centroid,STRUCTURE_SEGMENT,INTERNAL_LOOP,,,Centroid | INTERNAL_LOOP
Ras85D_CTX_MEL_CENTROID_STEM_0065,D.melanogaster,RNA_STRUCTURE,STRUCTURE,STEM,757,760,Centroid,STRUCTURE_SEGMENT,STEM,,,Centroid | STEM
Ras85D_CTX_MEL_CENTROID_HAIRPIN_LOOP_0010,D.melanogaster,RNA_STRUCTURE,STRUCTURE,HAIRPIN_LOOP,761,768,Centroid,STRUCTURE_SEGMENT,HAIRPIN_LOOP,,,Centroid | HAIRPIN_LOOP
Ras85D_CTX_MEL_CENTROID_STEM_0066,D.melanogaster,RNA_STRUCTURE,STRUCTURE,STEM,769,772,Centroid,STRUCTURE_SEGMENT,STEM,,,Centroid | STEM
Ras85D_CTX_MEL_CENTROID_INTERNAL_LOOP_0039,D.melanogaster,RNA_STRUCTURE,STRUCTURE,INTERNAL_LOOP,773,775,Centroid,STRUCTURE_SEGMENT,INTERNAL_LOOP,,,Centroid | INTERNAL_LOOP
Ras85D_CTX_MEL_CENTROID_STEM_0067,D.melanogaster,RNA_STRUCTURE,STRUCTURE,STEM,776,778,Centroid,STRUCTURE_SEGMENT,STEM,,,Centroid | STEM
Ras85D_CTX_MEL_CENTROID_BULGE_0005,D.melanogaster,RNA_STRUCTURE,STRUCTURE,BULGE,779,781,Centroid,STRUCTURE_SEGMENT,BULGE,,,Centroid | BULGE
Ras85D_CTX_MEL_CENTROID_STEM_0068,D.melanogaster,RNA_STRUCTURE,STRUCTURE,STEM,782,786,Centroid,STRUCTURE_SEGMENT,STEM,,,Centroid | STEM
Ras85D_CTX_MEL_CENTROID_MULTILOOP_0014,D.melanogaster,RNA_STRUCTURE,STRUCTURE,MULTILOOP,787,787,Centroid,STRUCTURE_SEGMENT,MULTILOOP,,,Centroid | MULTILOOP
Ras85D_CTX_MEL_CENTROID_STEM_0069,D.melanogaster,RNA_STRUCTURE,STRUCTURE,STEM,788,791,Centroid,STRUCTURE_SEGMENT,STEM,,,Centroid | STEM
Ras85D_CTX_MEL_CENTROID_INTERNAL_LOOP_0040,D.melanogaster,RNA_STRUCTURE,STRUCTURE,INTERNAL_LOOP,792,814,Centroid,STRUCTURE_SEGMENT,INTERNAL_LOOP,,,Centroid | INTERNAL_LOOP
Ras85D_CTX_MEL_CENTROID_STEM_0070,D.melanogaster,RNA_STRUCTURE,STRUCTURE,STEM,815,821,Centroid,STRUCTURE_SEGMENT,STEM,,,Centroid | STEM
Ras85D_CTX_MEL_CENTROID_MULTILOOP_0015,D.melanogaster,RNA_STRUCTURE,STRUCTURE,MULTILOOP,822,851,Centroid,STRUCTURE_SEGMENT,MULTILOOP,,,Centroid | MULTILOOP
Ras85D_CTX_MEL_CENTROID_STEM_0071,D.melanogaster,RNA_STRUCTURE,STRUCTURE,STEM,852,859,Centroid,STRUCTURE_SEGMENT,STEM,,,Centroid | STEM
Ras85D_CTX_MEL_CENTROID_INTERNAL_LOOP_0041,D.melanogaster,RNA_STRUCTURE,STRUCTURE,INTERNAL_LOOP,860,860,Centroid,STRUCTURE_SEGMENT,INTERNAL_LOOP,,,Centroid | INTERNAL_LOOP
Ras85D_CTX_MEL_CENTROID_STEM_0072,D.melanogaster,RNA_STRUCTURE,STRUCTURE,STEM,861,863,Centroid,STRUCTURE_SEGMENT,STEM,,,Centroid | STEM
Ras85D_CTX_MEL_CENTROID_INTERNAL_LOOP_0042,D.melanogaster,RNA_STRUCTURE,STRUCTURE,INTERNAL_LOOP,864,865,Centroid,STRUCTURE_SEGMENT,INTERNAL_LOOP,,,Centroid | INTERNAL_LOOP
Ras85D_CTX_MEL_CENTROID_STEM_0073,D.melanogaster,RNA_STRUCTURE,STRUCTURE,STEM,866,873,Centroid,STRUCTURE_SEGMENT,STEM,,,Centroid | STEM
Ras85D_CTX_MEL_CENTROID_INTERNAL_LOOP_0043,D.melanogaster,RNA_STRUCTURE,STRUCTURE,INTERNAL_LOOP,874,874,Centroid,STRUCTURE_SEGMENT,INTERNAL_LOOP,,,Centroid | INTERNAL_LOOP
Ras85D_CTX_MEL_CENTROID_STEM_0074,D.melanogaster,RNA_STRUCTURE,STRUCTURE,STEM,875,876,Centroid,STRUCTURE_SEGMENT,STEM,,,Centroid | STEM
Ras85D_CTX_MEL_CENTROID_INTERNAL_LOOP_0044,D.melanogaster,RNA_STRUCTURE,STRUCTURE,INTERNAL_LOOP,877,902,Centroid,STRUCTURE_SEGMENT,INTERNAL_LOOP,,,Centroid | INTERNAL_LOOP
Ras85D_CTX_MEL_CENTROID_STEM_0075,D.melanogaster,RNA_STRUCTURE,STRUCTURE,STEM,903,903,Centroid,STRUCTURE_SEGMENT,STEM,,,Centroid | STEM
Ras85D_CTX_MEL_CENTROID_HAIRPIN_LOOP_0011,D.melanogaster,RNA_STRUCTURE,STRUCTURE,HAIRPIN_LOOP,904,910,Centroid,STRUCTURE_SEGMENT,HAIRPIN_LOOP,,,Centroid | HAIRPIN_LOOP
Ras85D_CTX_MEL_CENTROID_STEM_0076,D.melanogaster,RNA_STRUCTURE,STRUCTURE,STEM,911,911,Centroid,STRUCTURE_SEGMENT,STEM,,,Centroid | STEM
Ras85D_CTX_MEL_CENTROID_INTERNAL_LOOP_0045,D.melanogaster,RNA_STRUCTURE,STRUCTURE,INTERNAL_LOOP,912,930,Centroid,STRUCTURE_SEGMENT,INTERNAL_LOOP,,,Centroid | INTERNAL_LOOP
Ras85D_CTX_MEL_CENTROID_STEM_0077,D.melanogaster,RNA_STRUCTURE,STRUCTURE,STEM,931,932,Centroid,STRUCTURE_SEGMENT,STEM,,,Centroid | STEM
Ras85D_CTX_MEL_CENTROID_INTERNAL_LOOP_0046,D.melanogaster,RNA_STRUCTURE,STRUCTURE,INTERNAL_LOOP,933,933,Centroid,STRUCTURE_SEGMENT,INTERNAL_LOOP,,,Centroid | INTERNAL_LOOP
Ras85D_CTX_MEL_CENTROID_STEM_0078,D.melanogaster,RNA_STRUCTURE,STRUCTURE,STEM,934,941,Centroid,STRUCTURE_SEGMENT,STEM,,,Centroid | STEM
Ras85D_CTX_MEL_CENTROID_INTERNAL_LOOP_0047,D.melanogaster,RNA_STRUCTURE,STRUCTURE,INTERNAL_LOOP,942,942,Centroid,STRUCTURE_SEGMENT,INTERNAL_LOOP,,,Centroid | INTERNAL_LOOP
Ras85D_CTX_MEL_CENTROID_STEM_0079,D.melanogaster,RNA_STRUCTURE,STRUCTURE,STEM,943,945,Centroid,STRUCTURE_SEGMENT,STEM,,,Centroid | STEM
Ras85D_CTX_MEL_CENTROID_INTERNAL_LOOP_0048,D.melanogaster,RNA_STRUCTURE,STRUCTURE,INTERNAL_LOOP,946,946,Centroid,STRUCTURE_SEGMENT,INTERNAL_LOOP,,,Centroid | INTERNAL_LOOP
Ras85D_CTX_MEL_CENTROID_STEM_0080,D.melanogaster,RNA_STRUCTURE,STRUCTURE,STEM,947,960,Centroid,STRUCTURE_SEGMENT,STEM,,,Centroid | STEM
Ras85D_CTX_MEL_CENTROID_EXTERIOR_0002,D.melanogaster,RNA_STRUCTURE,STRUCTURE,EXTERIOR,961,964,Centroid,STRUCTURE_SEGMENT,EXTERIOR,,,Centroid | EXTERIOR
Ras85D_CTX_MEL_MFE_EXTERIOR_0001,D.melanogaster,RNA_STRUCTURE,STRUCTURE,EXTERIOR,1,2,MFE,STRUCTURE_SEGMENT,EXTERIOR,,,MFE | EXTERIOR
Ras85D_CTX_MEL_MFE_STEM_0001,D.melanogaster,RNA_STRUCTURE,STRUCTURE,STEM,3,8,MFE,STRUCTURE_SEGMENT,STEM,,,MFE | STEM
Ras85D_CTX_MEL_MFE_MULTILOOP_0001,D.melanogaster,RNA_STRUCTURE,STRUCTURE,MULTILOOP,9,10,MFE,STRUCTURE_SEGMENT,MULTILOOP,,,MFE | MULTILOOP
Ras85D_CTX_MEL_MFE_STEM_0002,D.melanogaster,RNA_STRUCTURE,STRUCTURE,STEM,11,17,MFE,STRUCTURE_SEGMENT,STEM,,,MFE | STEM
Ras85D_CTX_MEL_MFE_INTERNAL_LOOP_0001,D.melanogaster,RNA_STRUCTURE,STRUCTURE,INTERNAL_LOOP,18,25,MFE,STRUCTURE_SEGMENT,INTERNAL_LOOP,,,MFE | INTERNAL_LOOP
Ras85D_CTX_MEL_MFE_STEM_0003,D.melanogaster,RNA_STRUCTURE,STRUCTURE,STEM,26,31,MFE,STRUCTURE_SEGMENT,STEM,,,MFE | STEM
Ras85D_CTX_MEL_MFE_INTERNAL_LOOP_0002,D.melanogaster,RNA_STRUCTURE,STRUCTURE,INTERNAL_LOOP,32,33,MFE,STRUCTURE_SEGMENT,INTERNAL_LOOP,,,MFE | INTERNAL_LOOP
Ras85D_CTX_MEL_MFE_STEM_0004,D.melanogaster,RNA_STRUCTURE,STRUCTURE,STEM,34,35,MFE,STRUCTURE_SEGMENT,STEM,,,MFE | STEM
Ras85D_CTX_MEL_MFE_INTERNAL_LOOP_0003,D.melanogaster,RNA_STRUCTURE,STRUCTURE,INTERNAL_LOOP,36,37,MFE,STRUCTURE_SEGMENT,INTERNAL_LOOP,,,MFE | INTERNAL_LOOP
Ras85D_CTX_MEL_MFE_STEM_0005,D.melanogaster,RNA_STRUCTURE,STRUCTURE,STEM,38,39,MFE,STRUCTURE_SEGMENT,STEM,,,MFE | STEM
Ras85D_CTX_MEL_MFE_BULGE_0001,D.melanogaster,RNA_STRUCTURE,STRUCTURE,BULGE,40,42,MFE,STRUCTURE_SEGMENT,BULGE,,,MFE | BULGE
Ras85D_CTX_MEL_MFE_STEM_0006,D.melanogaster,RNA_STRUCTURE,STRUCTURE,STEM,43,47,MFE,STRUCTURE_SEGMENT,STEM,,,MFE | STEM
Ras85D_CTX_MEL_MFE_MULTILOOP_0002,D.melanogaster,RNA_STRUCTURE,STRUCTURE,MULTILOOP,48,48,MFE,STRUCTURE_SEGMENT,MULTILOOP,,,MFE | MULTILOOP
Ras85D_CTX_MEL_MFE_STEM_0007,D.melanogaster,RNA_STRUCTURE,STRUCTURE,STEM,49,56,MFE,STRUCTURE_SEGMENT,STEM,,,MFE | STEM
Ras85D_CTX_MEL_MFE_INTERNAL_LOOP_0004,D.melanogaster,RNA_STRUCTURE,STRUCTURE,INTERNAL_LOOP,57,57,MFE,STRUCTURE_SEGMENT,INTERNAL_LOOP,,,MFE | INTERNAL_LOOP
Ras85D_CTX_MEL_MFE_STEM_0008,D.melanogaster,RNA_STRUCTURE,STRUCTURE,STEM,58,60,MFE,STRUCTURE_SEGMENT,STEM,,,MFE | STEM
Ras85D_CTX_MEL_MFE_INTERNAL_LOOP_0005,D.melanogaster,RNA_STRUCTURE,STRUCTURE,INTERNAL_LOOP,61,61,MFE,STRUCTURE_SEGMENT,INTERNAL_LOOP,,,MFE | INTERNAL_LOOP
Ras85D_CTX_MEL_MFE_STEM_0009,D.melanogaster,RNA_STRUCTURE,STRUCTURE,STEM,62,73,MFE,STRUCTURE_SEGMENT,STEM,,,MFE | STEM
Ras85D_CTX_MEL_MFE_HAIRPIN_LOOP_0001,D.melanogaster,RNA_STRUCTURE,STRUCTURE,HAIRPIN_LOOP,74,76,MFE,STRUCTURE_SEGMENT,HAIRPIN_LOOP,,,MFE | HAIRPIN_LOOP
Ras85D_CTX_MEL_MFE_STEM_0010,D.melanogaster,RNA_STRUCTURE,STRUCTURE,STEM,77,85,MFE,STRUCTURE_SEGMENT,STEM,,,MFE | STEM
Ras85D_CTX_MEL_MFE_INTERNAL_LOOP_0006,D.melanogaster,RNA_STRUCTURE,STRUCTURE,INTERNAL_LOOP,86,88,MFE,STRUCTURE_SEGMENT,INTERNAL_LOOP,,,MFE | INTERNAL_LOOP
Ras85D_CTX_MEL_MFE_STEM_0011,D.melanogaster,RNA_STRUCTURE,STRUCTURE,STEM,89,93,MFE,STRUCTURE_SEGMENT,STEM,,,MFE | STEM
Ras85D_CTX_MEL_MFE_INTERNAL_LOOP_0007,D.melanogaster,RNA_STRUCTURE,STRUCTURE,INTERNAL_LOOP,94,94,MFE,STRUCTURE_SEGMENT,INTERNAL_LOOP,,,MFE | INTERNAL_LOOP
Ras85D_CTX_MEL_MFE_STEM_0012,D.melanogaster,RNA_STRUCTURE,STRUCTURE,STEM,95,96,MFE,STRUCTURE_SEGMENT,STEM,,,MFE | STEM
Ras85D_CTX_MEL_MFE_MULTILOOP_0003,D.melanogaster,RNA_STRUCTURE,STRUCTURE,MULTILOOP,97,99,MFE,STRUCTURE_SEGMENT,MULTILOOP,,,MFE | MULTILOOP
Ras85D_CTX_MEL_MFE_STEM_0013,D.melanogaster,RNA_STRUCTURE,STRUCTURE,STEM,100,101,MFE,STRUCTURE_SEGMENT,STEM,,,MFE | STEM
Ras85D_CTX_MEL_MFE_INTERNAL_LOOP_0008,D.melanogaster,RNA_STRUCTURE,STRUCTURE,INTERNAL_LOOP,102,102,MFE,STRUCTURE_SEGMENT,INTERNAL_LOOP,,,MFE | INTERNAL_LOOP
Ras85D_CTX_MEL_MFE_STEM_0014,D.melanogaster,RNA_STRUCTURE,STRUCTURE,STEM,103,108,MFE,STRUCTURE_SEGMENT,STEM,,,MFE | STEM
Ras85D_CTX_MEL_MFE_HAIRPIN_LOOP_0002,D.melanogaster,RNA_STRUCTURE,STRUCTURE,HAIRPIN_LOOP,109,111,MFE,STRUCTURE_SEGMENT,HAIRPIN_LOOP,,,MFE | HAIRPIN_LOOP
Ras85D_CTX_MEL_MFE_STEM_0015,D.melanogaster,RNA_STRUCTURE,STRUCTURE,STEM,112,117,MFE,STRUCTURE_SEGMENT,STEM,,,MFE | STEM
Ras85D_CTX_MEL_MFE_INTERNAL_LOOP_0009,D.melanogaster,RNA_STRUCTURE,STRUCTURE,INTERNAL_LOOP,118,118,MFE,STRUCTURE_SEGMENT,INTERNAL_LOOP,,,MFE | INTERNAL_LOOP
Ras85D_CTX_MEL_MFE_STEM_0016,D.melanogaster,RNA_STRUCTURE,STRUCTURE,STEM,119,120,MFE,STRUCTURE_SEGMENT,STEM,,,MFE | STEM
Ras85D_CTX_MEL_MFE_MULTILOOP_0004,D.melanogaster,RNA_STRUCTURE,STRUCTURE,MULTILOOP,121,123,MFE,STRUCTURE_SEGMENT,MULTILOOP,,,MFE | MULTILOOP
Ras85D_CTX_MEL_MFE_STEM_0017,D.melanogaster,RNA_STRUCTURE,STRUCTURE,STEM,124,140,MFE,STRUCTURE_SEGMENT,STEM,,,MFE | STEM
Ras85D_CTX_MEL_MFE_INTERNAL_LOOP_0010,D.melanogaster,RNA_STRUCTURE,STRUCTURE,INTERNAL_LOOP,141,143,MFE,STRUCTURE_SEGMENT,INTERNAL_LOOP,,,MFE | INTERNAL_LOOP
Ras85D_CTX_MEL_MFE_STEM_0018,D.melanogaster,RNA_STRUCTURE,STRUCTURE,STEM,144,150,MFE,STRUCTURE_SEGMENT,STEM,,,MFE | STEM
Ras85D_CTX_MEL_MFE_INTERNAL_LOOP_0011,D.melanogaster,RNA_STRUCTURE,STRUCTURE,INTERNAL_LOOP,151,151,MFE,STRUCTURE_SEGMENT,INTERNAL_LOOP,,,MFE | INTERNAL_LOOP
Ras85D_CTX_MEL_MFE_STEM_0019,D.melanogaster,RNA_STRUCTURE,STRUCTURE,STEM,152,155,MFE,STRUCTURE_SEGMENT,STEM,,,MFE | STEM
Ras85D_CTX_MEL_MFE_BULGE_0002,D.melanogaster,RNA_STRUCTURE,STRUCTURE,BULGE,156,156,MFE,STRUCTURE_SEGMENT,BULGE,,,MFE | BULGE
Ras85D_CTX_MEL_MFE_STEM_0020,D.melanogaster,RNA_STRUCTURE,STRUCTURE,STEM,157,158,MFE,STRUCTURE_SEGMENT,STEM,,,MFE | STEM
Ras85D_CTX_MEL_MFE_BULGE_0003,D.melanogaster,RNA_STRUCTURE,STRUCTURE,BULGE,159,159,MFE,STRUCTURE_SEGMENT,BULGE,,,MFE | BULGE
Ras85D_CTX_MEL_MFE_STEM_0021,D.melanogaster,RNA_STRUCTURE,STRUCTURE,STEM,160,163,MFE,STRUCTURE_SEGMENT,STEM,,,MFE | STEM
Ras85D_CTX_MEL_MFE_MULTILOOP_0005,D.melanogaster,RNA_STRUCTURE,STRUCTURE,MULTILOOP,164,167,MFE,STRUCTURE_SEGMENT,MULTILOOP,,,MFE | MULTILOOP
Ras85D_CTX_MEL_MFE_STEM_0022,D.melanogaster,RNA_STRUCTURE,STRUCTURE,STEM,168,169,MFE,STRUCTURE_SEGMENT,STEM,,,MFE | STEM
Ras85D_CTX_MEL_MFE_HAIRPIN_LOOP_0003,D.melanogaster,RNA_STRUCTURE,STRUCTURE,HAIRPIN_LOOP,170,177,MFE,STRUCTURE_SEGMENT,HAIRPIN_LOOP,,,MFE | HAIRPIN_LOOP
Ras85D_CTX_MEL_MFE_STEM_0023,D.melanogaster,RNA_STRUCTURE,STRUCTURE,STEM,178,179,MFE,STRUCTURE_SEGMENT,STEM,,,MFE | STEM
Ras85D_CTX_MEL_MFE_MULTILOOP_0006,D.melanogaster,RNA_STRUCTURE,STRUCTURE,MULTILOOP,180,182,MFE,STRUCTURE_SEGMENT,MULTILOOP,,,MFE | MULTILOOP
Ras85D_CTX_MEL_MFE_STEM_0024,D.melanogaster,RNA_STRUCTURE,STRUCTURE,STEM,183,188,MFE,STRUCTURE_SEGMENT,STEM,,,MFE | STEM
Ras85D_CTX_MEL_MFE_INTERNAL_LOOP_0012,D.melanogaster,RNA_STRUCTURE,STRUCTURE,INTERNAL_LOOP,189,189,MFE,STRUCTURE_SEGMENT,INTERNAL_LOOP,,,MFE | INTERNAL_LOOP
Ras85D_CTX_MEL_MFE_STEM_0025,D.melanogaster,RNA_STRUCTURE,STRUCTURE,STEM,190,191,MFE,STRUCTURE_SEGMENT,STEM,,,MFE | STEM
Ras85D_CTX_MEL_MFE_INTERNAL_LOOP_0013,D.melanogaster,RNA_STRUCTURE,STRUCTURE,INTERNAL_LOOP,192,192,MFE,STRUCTURE_SEGMENT,INTERNAL_LOOP,,,MFE | INTERNAL_LOOP
Ras85D_CTX_MEL_MFE_STEM_0026,D.melanogaster,RNA_STRUCTURE,STRUCTURE,STEM,193,195,MFE,STRUCTURE_SEGMENT,STEM,,,MFE | STEM
Ras85D_CTX_MEL_MFE_HAIRPIN_LOOP_0004,D.melanogaster,RNA_STRUCTURE,STRUCTURE,HAIRPIN_LOOP,196,202,MFE,STRUCTURE_SEGMENT,HAIRPIN_LOOP,,,MFE | HAIRPIN_LOOP
Ras85D_CTX_MEL_MFE_STEM_0027,D.melanogaster,RNA_STRUCTURE,STRUCTURE,STEM,203,205,MFE,STRUCTURE_SEGMENT,STEM,,,MFE | STEM
Ras85D_CTX_MEL_MFE_INTERNAL_LOOP_0014,D.melanogaster,RNA_STRUCTURE,STRUCTURE,INTERNAL_LOOP,206,206,MFE,STRUCTURE_SEGMENT,INTERNAL_LOOP,,,MFE | INTERNAL_LOOP
Ras85D_CTX_MEL_MFE_STEM_0028,D.melanogaster,RNA_STRUCTURE,STRUCTURE,STEM,207,208,MFE,STRUCTURE_SEGMENT,STEM,,,MFE | STEM
Ras85D_CTX_MEL_MFE_INTERNAL_LOOP_0015,D.melanogaster,RNA_STRUCTURE,STRUCTURE,INTERNAL_LOOP,209,209,MFE,STRUCTURE_SEGMENT,INTERNAL_LOOP,,,MFE | INTERNAL_LOOP
Ras85D_CTX_MEL_MFE_STEM_0029,D.melanogaster,RNA_STRUCTURE,STRUCTURE,STEM,210,215,MFE,STRUCTURE_SEGMENT,STEM,,,MFE | STEM
Ras85D_CTX_MEL_MFE_MULTILOOP_0007,D.melanogaster,RNA_STRUCTURE,STRUCTURE,MULTILOOP,216,216,MFE,STRUCTURE_SEGMENT,MULTILOOP,,,MFE | MULTILOOP
Ras85D_CTX_MEL_MFE_STEM_0030,D.melanogaster,RNA_STRUCTURE,STRUCTURE,STEM,217,226,MFE,STRUCTURE_SEGMENT,STEM,,,MFE | STEM
Ras85D_CTX_MEL_MFE_INTERNAL_LOOP_0016,D.melanogaster,RNA_STRUCTURE,STRUCTURE,INTERNAL_LOOP,227,227,MFE,STRUCTURE_SEGMENT,INTERNAL_LOOP,,,MFE | INTERNAL_LOOP
Ras85D_CTX_MEL_MFE_STEM_0031,D.melanogaster,RNA_STRUCTURE,STRUCTURE,STEM,228,230,MFE,STRUCTURE_SEGMENT,STEM,,,MFE | STEM
Ras85D_CTX_MEL_MFE_BULGE_0004,D.melanogaster,RNA_STRUCTURE,STRUCTURE,BULGE,231,231,MFE,STRUCTURE_SEGMENT,BULGE,,,MFE | BULGE
Ras85D_CTX_MEL_MFE_STEM_0032,D.melanogaster,RNA_STRUCTURE,STRUCTURE,STEM,232,235,MFE,STRUCTURE_SEGMENT,STEM,,,MFE | STEM
Ras85D_CTX_MEL_MFE_INTERNAL_LOOP_0017,D.melanogaster,RNA_STRUCTURE,STRUCTURE,INTERNAL_LOOP,236,239,MFE,STRUCTURE_SEGMENT,INTERNAL_LOOP,,,MFE | INTERNAL_LOOP
Ras85D_CTX_MEL_MFE_STEM_0033,D.melanogaster,RNA_STRUCTURE,STRUCTURE,STEM,240,252,MFE,STRUCTURE_SEGMENT,STEM,,,MFE | STEM
Ras85D_CTX_MEL_MFE_BULGE_0005,D.melanogaster,RNA_STRUCTURE,STRUCTURE,BULGE,253,255,MFE,STRUCTURE_SEGMENT,BULGE,,,MFE | BULGE
Ras85D_CTX_MEL_MFE_STEM_0034,D.melanogaster,RNA_STRUCTURE,STRUCTURE,STEM,256,267,MFE,STRUCTURE_SEGMENT,STEM,,,MFE | STEM
Ras85D_CTX_MEL_MFE_INTERNAL_LOOP_0018,D.melanogaster,RNA_STRUCTURE,STRUCTURE,INTERNAL_LOOP,268,268,MFE,STRUCTURE_SEGMENT,INTERNAL_LOOP,,,MFE | INTERNAL_LOOP
Ras85D_CTX_MEL_MFE_STEM_0035,D.melanogaster,RNA_STRUCTURE,STRUCTURE,STEM,269,271,MFE,STRUCTURE_SEGMENT,STEM,,,MFE | STEM
Ras85D_CTX_MEL_MFE_HAIRPIN_LOOP_0005,D.melanogaster,RNA_STRUCTURE,STRUCTURE,HAIRPIN_LOOP,272,274,MFE,STRUCTURE_SEGMENT,HAIRPIN_LOOP,,,MFE | HAIRPIN_LOOP
Ras85D_CTX_MEL_MFE_STEM_0036,D.melanogaster,RNA_STRUCTURE,STRUCTURE,STEM,275,277,MFE,STRUCTURE_SEGMENT,STEM,,,MFE | STEM
Ras85D_CTX_MEL_MFE_INTERNAL_LOOP_0019,D.melanogaster,RNA_STRUCTURE,STRUCTURE,INTERNAL_LOOP,278,278,MFE,STRUCTURE_SEGMENT,INTERNAL_LOOP,,,MFE | INTERNAL_LOOP
Ras85D_CTX_MEL_MFE_STEM_0037,D.melanogaster,RNA_STRUCTURE,STRUCTURE,STEM,279,293,MFE,STRUCTURE_SEGMENT,STEM,,,MFE | STEM
Ras85D_CTX_MEL_MFE_INTERNAL_LOOP_0020,D.melanogaster,RNA_STRUCTURE,STRUCTURE,INTERNAL_LOOP,294,300,MFE,STRUCTURE_SEGMENT,INTERNAL_LOOP,,,MFE | INTERNAL_LOOP
Ras85D_CTX_MEL_MFE_STEM_0038,D.melanogaster,RNA_STRUCTURE,STRUCTURE,STEM,301,308,MFE,STRUCTURE_SEGMENT,STEM,,,MFE | STEM
Ras85D_CTX_MEL_MFE_BULGE_0006,D.melanogaster,RNA_STRUCTURE,STRUCTURE,BULGE,309,309,MFE,STRUCTURE_SEGMENT,BULGE,,,MFE | BULGE
Ras85D_CTX_MEL_MFE_STEM_0039,D.melanogaster,RNA_STRUCTURE,STRUCTURE,STEM,310,321,MFE,STRUCTURE_SEGMENT,STEM,,,MFE | STEM
Ras85D_CTX_MEL_MFE_INTERNAL_LOOP_0021,D.melanogaster,RNA_STRUCTURE,STRUCTURE,INTERNAL_LOOP,322,322,MFE,STRUCTURE_SEGMENT,INTERNAL_LOOP,,,MFE | INTERNAL_LOOP
Ras85D_CTX_MEL_MFE_STEM_0040,D.melanogaster,RNA_STRUCTURE,STRUCTURE,STEM,323,326,MFE,STRUCTURE_SEGMENT,STEM,,,MFE | STEM
Ras85D_CTX_MEL_MFE_MULTILOOP_0008,D.melanogaster,RNA_STRUCTURE,STRUCTURE,MULTILOOP,327,345,MFE,STRUCTURE_SEGMENT,MULTILOOP,,,MFE | MULTILOOP
Ras85D_CTX_MEL_MFE_STEM_0041,D.melanogaster,RNA_STRUCTURE,STRUCTURE,STEM,346,351,MFE,STRUCTURE_SEGMENT,STEM,,,MFE | STEM
Ras85D_CTX_MEL_MFE_HAIRPIN_LOOP_0006,D.melanogaster,RNA_STRUCTURE,STRUCTURE,HAIRPIN_LOOP,352,355,MFE,STRUCTURE_SEGMENT,HAIRPIN_LOOP,,,MFE | HAIRPIN_LOOP
Ras85D_CTX_MEL_MFE_STEM_0042,D.melanogaster,RNA_STRUCTURE,STRUCTURE,STEM,356,361,MFE,STRUCTURE_SEGMENT,STEM,,,MFE | STEM
Ras85D_CTX_MEL_MFE_MULTILOOP_0009,D.melanogaster,RNA_STRUCTURE,STRUCTURE,MULTILOOP,362,376,MFE,STRUCTURE_SEGMENT,MULTILOOP,,,MFE | MULTILOOP
Ras85D_CTX_MEL_MFE_STEM_0043,D.melanogaster,RNA_STRUCTURE,STRUCTURE,STEM,377,380,MFE,STRUCTURE_SEGMENT,STEM,,,MFE | STEM
Ras85D_CTX_MEL_MFE_BULGE_0007,D.melanogaster,RNA_STRUCTURE,STRUCTURE,BULGE,381,381,MFE,STRUCTURE_SEGMENT,BULGE,,,MFE | BULGE
Ras85D_CTX_MEL_MFE_STEM_0044,D.melanogaster,RNA_STRUCTURE,STRUCTURE,STEM,382,385,MFE,STRUCTURE_SEGMENT,STEM,,,MFE | STEM
Ras85D_CTX_MEL_MFE_HAIRPIN_LOOP_0007,D.melanogaster,RNA_STRUCTURE,STRUCTURE,HAIRPIN_LOOP,386,390,MFE,STRUCTURE_SEGMENT,HAIRPIN_LOOP,,,MFE | HAIRPIN_LOOP
Ras85D_CTX_MEL_MFE_STEM_0045,D.melanogaster,RNA_STRUCTURE,STRUCTURE,STEM,391,402,MFE,STRUCTURE_SEGMENT,STEM,,,MFE | STEM
Ras85D_CTX_MEL_MFE_INTERNAL_LOOP_0022,D.melanogaster,RNA_STRUCTURE,STRUCTURE,INTERNAL_LOOP,403,407,MFE,STRUCTURE_SEGMENT,INTERNAL_LOOP,,,MFE | INTERNAL_LOOP
Ras85D_CTX_MEL_MFE_STEM_0046,D.melanogaster,RNA_STRUCTURE,STRUCTURE,STEM,408,417,MFE,STRUCTURE_SEGMENT,STEM,,,MFE | STEM
Ras85D_CTX_MEL_MFE_BULGE_0008,D.melanogaster,RNA_STRUCTURE,STRUCTURE,BULGE,418,441,MFE,STRUCTURE_SEGMENT,BULGE,,,MFE | BULGE
Ras85D_CTX_MEL_MFE_STEM_0047,D.melanogaster,RNA_STRUCTURE,STRUCTURE,STEM,442,451,MFE,STRUCTURE_SEGMENT,STEM,,,MFE | STEM
Ras85D_CTX_MEL_MFE_INTERNAL_LOOP_0023,D.melanogaster,RNA_STRUCTURE,STRUCTURE,INTERNAL_LOOP,452,460,MFE,STRUCTURE_SEGMENT,INTERNAL_LOOP,,,MFE | INTERNAL_LOOP
Ras85D_CTX_MEL_MFE_STEM_0048,D.melanogaster,RNA_STRUCTURE,STRUCTURE,STEM,461,469,MFE,STRUCTURE_SEGMENT,STEM,,,MFE | STEM
Ras85D_CTX_MEL_MFE_INTERNAL_LOOP_0024,D.melanogaster,RNA_STRUCTURE,STRUCTURE,INTERNAL_LOOP,470,470,MFE,STRUCTURE_SEGMENT,INTERNAL_LOOP,,,MFE | INTERNAL_LOOP
Ras85D_CTX_MEL_MFE_STEM_0049,D.melanogaster,RNA_STRUCTURE,STRUCTURE,STEM,471,475,MFE,STRUCTURE_SEGMENT,STEM,,,MFE | STEM
Ras85D_CTX_MEL_MFE_INTERNAL_LOOP_0025,D.melanogaster,RNA_STRUCTURE,STRUCTURE,INTERNAL_LOOP,476,479,MFE,STRUCTURE_SEGMENT,INTERNAL_LOOP,,,MFE | INTERNAL_LOOP
Ras85D_CTX_MEL_MFE_STEM_0050,D.melanogaster,RNA_STRUCTURE,STRUCTURE,STEM,480,482,MFE,STRUCTURE_SEGMENT,STEM,,,MFE | STEM
Ras85D_CTX_MEL_MFE_MULTILOOP_0010,D.melanogaster,RNA_STRUCTURE,STRUCTURE,MULTILOOP,483,483,MFE,STRUCTURE_SEGMENT,MULTILOOP,,,MFE | MULTILOOP
Ras85D_CTX_MEL_MFE_STEM_0051,D.melanogaster,RNA_STRUCTURE,STRUCTURE,STEM,484,492,MFE,STRUCTURE_SEGMENT,STEM,,,MFE | STEM
Ras85D_CTX_MEL_MFE_HAIRPIN_LOOP_0008,D.melanogaster,RNA_STRUCTURE,STRUCTURE,HAIRPIN_LOOP,493,498,MFE,STRUCTURE_SEGMENT,HAIRPIN_LOOP,,,MFE | HAIRPIN_LOOP
Ras85D_CTX_MEL_MFE_STEM_0052,D.melanogaster,RNA_STRUCTURE,STRUCTURE,STEM,499,507,MFE,STRUCTURE_SEGMENT,STEM,,,MFE | STEM
Ras85D_CTX_MEL_MFE_MULTILOOP_0011,D.melanogaster,RNA_STRUCTURE,STRUCTURE,MULTILOOP,508,511,MFE,STRUCTURE_SEGMENT,MULTILOOP,,,MFE | MULTILOOP
Ras85D_CTX_MEL_MFE_STEM_0053,D.melanogaster,RNA_STRUCTURE,STRUCTURE,STEM,512,516,MFE,STRUCTURE_SEGMENT,STEM,,,MFE | STEM
Ras85D_CTX_MEL_MFE_INTERNAL_LOOP_0026,D.melanogaster,RNA_STRUCTURE,STRUCTURE,INTERNAL_LOOP,517,520,MFE,STRUCTURE_SEGMENT,INTERNAL_LOOP,,,MFE | INTERNAL_LOOP
Ras85D_CTX_MEL_MFE_STEM_0054,D.melanogaster,RNA_STRUCTURE,STRUCTURE,STEM,521,523,MFE,STRUCTURE_SEGMENT,STEM,,,MFE | STEM
Ras85D_CTX_MEL_MFE_INTERNAL_LOOP_0027,D.melanogaster,RNA_STRUCTURE,STRUCTURE,INTERNAL_LOOP,524,526,MFE,STRUCTURE_SEGMENT,INTERNAL_LOOP,,,MFE | INTERNAL_LOOP
Ras85D_CTX_MEL_MFE_STEM_0055,D.melanogaster,RNA_STRUCTURE,STRUCTURE,STEM,527,528,MFE,STRUCTURE_SEGMENT,STEM,,,MFE | STEM
Ras85D_CTX_MEL_MFE_INTERNAL_LOOP_0028,D.melanogaster,RNA_STRUCTURE,STRUCTURE,INTERNAL_LOOP,529,529,MFE,STRUCTURE_SEGMENT,INTERNAL_LOOP,,,MFE | INTERNAL_LOOP
Ras85D_CTX_MEL_MFE_STEM_0056,D.melanogaster,RNA_STRUCTURE,STRUCTURE,STEM,530,533,MFE,STRUCTURE_SEGMENT,STEM,,,MFE | STEM
Ras85D_CTX_MEL_MFE_HAIRPIN_LOOP_0009,D.melanogaster,RNA_STRUCTURE,STRUCTURE,HAIRPIN_LOOP,534,540,MFE,STRUCTURE_SEGMENT,HAIRPIN_LOOP,,,MFE | HAIRPIN_LOOP
Ras85D_CTX_MEL_MFE_STEM_0057,D.melanogaster,RNA_STRUCTURE,STRUCTURE,STEM,541,544,MFE,STRUCTURE_SEGMENT,STEM,,,MFE | STEM
Ras85D_CTX_MEL_MFE_INTERNAL_LOOP_0029,D.melanogaster,RNA_STRUCTURE,STRUCTURE,INTERNAL_LOOP,545,545,MFE,STRUCTURE_SEGMENT,INTERNAL_LOOP,,,MFE | INTERNAL_LOOP
Ras85D_CTX_MEL_MFE_STEM_0058,D.melanogaster,RNA_STRUCTURE,STRUCTURE,STEM,546,547,MFE,STRUCTURE_SEGMENT,STEM,,,MFE | STEM
Ras85D_CTX_MEL_MFE_INTERNAL_LOOP_0030,D.melanogaster,RNA_STRUCTURE,STRUCTURE,INTERNAL_LOOP,548,551,MFE,STRUCTURE_SEGMENT,INTERNAL_LOOP,,,MFE | INTERNAL_LOOP
Ras85D_CTX_MEL_MFE_STEM_0059,D.melanogaster,RNA_STRUCTURE,STRUCTURE,STEM,552,554,MFE,STRUCTURE_SEGMENT,STEM,,,MFE | STEM
Ras85D_CTX_MEL_MFE_INTERNAL_LOOP_0031,D.melanogaster,RNA_STRUCTURE,STRUCTURE,INTERNAL_LOOP,555,558,MFE,STRUCTURE_SEGMENT,INTERNAL_LOOP,,,MFE | INTERNAL_LOOP
Ras85D_CTX_MEL_MFE_STEM_0060,D.melanogaster,RNA_STRUCTURE,STRUCTURE,STEM,559,563,MFE,STRUCTURE_SEGMENT,STEM,,,MFE | STEM
Ras85D_CTX_MEL_MFE_MULTILOOP_0012,D.melanogaster,RNA_STRUCTURE,STRUCTURE,MULTILOOP,564,571,MFE,STRUCTURE_SEGMENT,MULTILOOP,,,MFE | MULTILOOP
Ras85D_CTX_MEL_MFE_STEM_0061,D.melanogaster,RNA_STRUCTURE,STRUCTURE,STEM,572,577,MFE,STRUCTURE_SEGMENT,STEM,,,MFE | STEM
Ras85D_CTX_MEL_MFE_INTERNAL_LOOP_0032,D.melanogaster,RNA_STRUCTURE,STRUCTURE,INTERNAL_LOOP,578,578,MFE,STRUCTURE_SEGMENT,INTERNAL_LOOP,,,MFE | INTERNAL_LOOP
Ras85D_CTX_MEL_MFE_STEM_0062,D.melanogaster,RNA_STRUCTURE,STRUCTURE,STEM,579,581,MFE,STRUCTURE_SEGMENT,STEM,,,MFE | STEM
Ras85D_CTX_MEL_MFE_INTERNAL_LOOP_0033,D.melanogaster,RNA_STRUCTURE,STRUCTURE,INTERNAL_LOOP,582,582,MFE,STRUCTURE_SEGMENT,INTERNAL_LOOP,,,MFE | INTERNAL_LOOP
Ras85D_CTX_MEL_MFE_STEM_0063,D.melanogaster,RNA_STRUCTURE,STRUCTURE,STEM,583,590,MFE,STRUCTURE_SEGMENT,STEM,,,MFE | STEM
Ras85D_CTX_MEL_MFE_MULTILOOP_0013,D.melanogaster,RNA_STRUCTURE,STRUCTURE,MULTILOOP,591,598,MFE,STRUCTURE_SEGMENT,MULTILOOP,,,MFE | MULTILOOP
Ras85D_CTX_MEL_MFE_STEM_0064,D.melanogaster,RNA_STRUCTURE,STRUCTURE,STEM,599,602,MFE,STRUCTURE_SEGMENT,STEM,,,MFE | STEM
Ras85D_CTX_MEL_MFE_BULGE_0009,D.melanogaster,RNA_STRUCTURE,STRUCTURE,BULGE,603,603,MFE,STRUCTURE_SEGMENT,BULGE,,,MFE | BULGE
Ras85D_CTX_MEL_MFE_STEM_0065,D.melanogaster,RNA_STRUCTURE,STRUCTURE,STEM,604,611,MFE,STRUCTURE_SEGMENT,STEM,,,MFE | STEM
Ras85D_CTX_MEL_MFE_MULTILOOP_0014,D.melanogaster,RNA_STRUCTURE,STRUCTURE,MULTILOOP,612,625,MFE,STRUCTURE_SEGMENT,MULTILOOP,,,MFE | MULTILOOP
Ras85D_CTX_MEL_MFE_STEM_0066,D.melanogaster,RNA_STRUCTURE,STRUCTURE,STEM,626,627,MFE,STRUCTURE_SEGMENT,STEM,,,MFE | STEM
Ras85D_CTX_MEL_MFE_INTERNAL_LOOP_0034,D.melanogaster,RNA_STRUCTURE,STRUCTURE,INTERNAL_LOOP,628,630,MFE,STRUCTURE_SEGMENT,INTERNAL_LOOP,,,MFE | INTERNAL_LOOP
Ras85D_CTX_MEL_MFE_STEM_0067,D.melanogaster,RNA_STRUCTURE,STRUCTURE,STEM,631,633,MFE,STRUCTURE_SEGMENT,STEM,,,MFE | STEM
Ras85D_CTX_MEL_MFE_HAIRPIN_LOOP_0010,D.melanogaster,RNA_STRUCTURE,STRUCTURE,HAIRPIN_LOOP,634,639,MFE,STRUCTURE_SEGMENT,HAIRPIN_LOOP,,,MFE | HAIRPIN_LOOP
Ras85D_CTX_MEL_MFE_STEM_0068,D.melanogaster,RNA_STRUCTURE,STRUCTURE,STEM,640,642,MFE,STRUCTURE_SEGMENT,STEM,,,MFE | STEM
Ras85D_CTX_MEL_MFE_INTERNAL_LOOP_0035,D.melanogaster,RNA_STRUCTURE,STRUCTURE,INTERNAL_LOOP,643,646,MFE,STRUCTURE_SEGMENT,INTERNAL_LOOP,,,MFE | INTERNAL_LOOP
Ras85D_CTX_MEL_MFE_STEM_0069,D.melanogaster,RNA_STRUCTURE,STRUCTURE,STEM,647,648,MFE,STRUCTURE_SEGMENT,STEM,,,MFE | STEM
Ras85D_CTX_MEL_MFE_MULTILOOP_0015,D.melanogaster,RNA_STRUCTURE,STRUCTURE,MULTILOOP,649,652,MFE,STRUCTURE_SEGMENT,MULTILOOP,,,MFE | MULTILOOP
Ras85D_CTX_MEL_MFE_STEM_0070,D.melanogaster,RNA_STRUCTURE,STRUCTURE,STEM,653,656,MFE,STRUCTURE_SEGMENT,STEM,,,MFE | STEM
Ras85D_CTX_MEL_MFE_HAIRPIN_LOOP_0011,D.melanogaster,RNA_STRUCTURE,STRUCTURE,HAIRPIN_LOOP,657,662,MFE,STRUCTURE_SEGMENT,HAIRPIN_LOOP,,,MFE | HAIRPIN_LOOP
Ras85D_CTX_MEL_MFE_STEM_0071,D.melanogaster,RNA_STRUCTURE,STRUCTURE,STEM,663,666,MFE,STRUCTURE_SEGMENT,STEM,,,MFE | STEM
Ras85D_CTX_MEL_MFE_MULTILOOP_0016,D.melanogaster,RNA_STRUCTURE,STRUCTURE,MULTILOOP,667,672,MFE,STRUCTURE_SEGMENT,MULTILOOP,,,MFE | MULTILOOP
Ras85D_CTX_MEL_MFE_STEM_0072,D.melanogaster,RNA_STRUCTURE,STRUCTURE,STEM,673,674,MFE,STRUCTURE_SEGMENT,STEM,,,MFE | STEM
Ras85D_CTX_MEL_MFE_BULGE_0010,D.melanogaster,RNA_STRUCTURE,STRUCTURE,BULGE,675,675,MFE,STRUCTURE_SEGMENT,BULGE,,,MFE | BULGE
Ras85D_CTX_MEL_MFE_STEM_0073,D.melanogaster,RNA_STRUCTURE,STRUCTURE,STEM,676,679,MFE,STRUCTURE_SEGMENT,STEM,,,MFE | STEM
Ras85D_CTX_MEL_MFE_INTERNAL_LOOP_0036,D.melanogaster,RNA_STRUCTURE,STRUCTURE,INTERNAL_LOOP,680,680,MFE,STRUCTURE_SEGMENT,INTERNAL_LOOP,,,MFE | INTERNAL_LOOP
Ras85D_CTX_MEL_MFE_STEM_0074,D.melanogaster,RNA_STRUCTURE,STRUCTURE,STEM,681,683,MFE,STRUCTURE_SEGMENT,STEM,,,MFE | STEM
Ras85D_CTX_MEL_MFE_BULGE_0011,D.melanogaster,RNA_STRUCTURE,STRUCTURE,BULGE,684,686,MFE,STRUCTURE_SEGMENT,BULGE,,,MFE | BULGE
Ras85D_CTX_MEL_MFE_STEM_0075,D.melanogaster,RNA_STRUCTURE,STRUCTURE,STEM,687,691,MFE,STRUCTURE_SEGMENT,STEM,,,MFE | STEM
Ras85D_CTX_MEL_MFE_INTERNAL_LOOP_0037,D.melanogaster,RNA_STRUCTURE,STRUCTURE,INTERNAL_LOOP,692,694,MFE,STRUCTURE_SEGMENT,INTERNAL_LOOP,,,MFE | INTERNAL_LOOP
Ras85D_CTX_MEL_MFE_STEM_0076,D.melanogaster,RNA_STRUCTURE,STRUCTURE,STEM,695,698,MFE,STRUCTURE_SEGMENT,STEM,,,MFE | STEM
Ras85D_CTX_MEL_MFE_HAIRPIN_LOOP_0012,D.melanogaster,RNA_STRUCTURE,STRUCTURE,HAIRPIN_LOOP,699,704,MFE,STRUCTURE_SEGMENT,HAIRPIN_LOOP,,,MFE | HAIRPIN_LOOP
Ras85D_CTX_MEL_MFE_STEM_0077,D.melanogaster,RNA_STRUCTURE,STRUCTURE,STEM,705,708,MFE,STRUCTURE_SEGMENT,STEM,,,MFE | STEM
Ras85D_CTX_MEL_MFE_INTERNAL_LOOP_0038,D.melanogaster,RNA_STRUCTURE,STRUCTURE,INTERNAL_LOOP,709,711,MFE,STRUCTURE_SEGMENT,INTERNAL_LOOP,,,MFE | INTERNAL_LOOP
Ras85D_CTX_MEL_MFE_STEM_0078,D.melanogaster,RNA_STRUCTURE,STRUCTURE,STEM,712,719,MFE,STRUCTURE_SEGMENT,STEM,,,MFE | STEM
Ras85D_CTX_MEL_MFE_INTERNAL_LOOP_0039,D.melanogaster,RNA_STRUCTURE,STRUCTURE,INTERNAL_LOOP,720,720,MFE,STRUCTURE_SEGMENT,INTERNAL_LOOP,,,MFE | INTERNAL_LOOP
Ras85D_CTX_MEL_MFE_STEM_0079,D.melanogaster,RNA_STRUCTURE,STRUCTURE,STEM,721,738,MFE,STRUCTURE_SEGMENT,STEM,,,MFE | STEM
Ras85D_CTX_MEL_MFE_MULTILOOP_0017,D.melanogaster,RNA_STRUCTURE,STRUCTURE,MULTILOOP,739,744,MFE,STRUCTURE_SEGMENT,MULTILOOP,,,MFE | MULTILOOP
Ras85D_CTX_MEL_MFE_STEM_0080,D.melanogaster,RNA_STRUCTURE,STRUCTURE,STEM,745,752,MFE,STRUCTURE_SEGMENT,STEM,,,MFE | STEM
Ras85D_CTX_MEL_MFE_INTERNAL_LOOP_0040,D.melanogaster,RNA_STRUCTURE,STRUCTURE,INTERNAL_LOOP,753,756,MFE,STRUCTURE_SEGMENT,INTERNAL_LOOP,,,MFE | INTERNAL_LOOP
Ras85D_CTX_MEL_MFE_STEM_0081,D.melanogaster,RNA_STRUCTURE,STRUCTURE,STEM,757,760,MFE,STRUCTURE_SEGMENT,STEM,,,MFE | STEM
Ras85D_CTX_MEL_MFE_HAIRPIN_LOOP_0013,D.melanogaster,RNA_STRUCTURE,STRUCTURE,HAIRPIN_LOOP,761,768,MFE,STRUCTURE_SEGMENT,HAIRPIN_LOOP,,,MFE | HAIRPIN_LOOP
Ras85D_CTX_MEL_MFE_STEM_0082,D.melanogaster,RNA_STRUCTURE,STRUCTURE,STEM,769,772,MFE,STRUCTURE_SEGMENT,STEM,,,MFE | STEM
Ras85D_CTX_MEL_MFE_INTERNAL_LOOP_0041,D.melanogaster,RNA_STRUCTURE,STRUCTURE,INTERNAL_LOOP,773,775,MFE,STRUCTURE_SEGMENT,INTERNAL_LOOP,,,MFE | INTERNAL_LOOP
Ras85D_CTX_MEL_MFE_STEM_0083,D.melanogaster,RNA_STRUCTURE,STRUCTURE,STEM,776,778,MFE,STRUCTURE_SEGMENT,STEM,,,MFE | STEM
Ras85D_CTX_MEL_MFE_BULGE_0012,D.melanogaster,RNA_STRUCTURE,STRUCTURE,BULGE,779,781,MFE,STRUCTURE_SEGMENT,BULGE,,,MFE | BULGE
Ras85D_CTX_MEL_MFE_STEM_0084,D.melanogaster,RNA_STRUCTURE,STRUCTURE,STEM,782,793,MFE,STRUCTURE_SEGMENT,STEM,,,MFE | STEM
Ras85D_CTX_MEL_MFE_INTERNAL_LOOP_0042,D.melanogaster,RNA_STRUCTURE,STRUCTURE,INTERNAL_LOOP,794,795,MFE,STRUCTURE_SEGMENT,INTERNAL_LOOP,,,MFE | INTERNAL_LOOP
Ras85D_CTX_MEL_MFE_STEM_0085,D.melanogaster,RNA_STRUCTURE,STRUCTURE,STEM,796,797,MFE,STRUCTURE_SEGMENT,STEM,,,MFE | STEM
Ras85D_CTX_MEL_MFE_INTERNAL_LOOP_0043,D.melanogaster,RNA_STRUCTURE,STRUCTURE,INTERNAL_LOOP,798,799,MFE,STRUCTURE_SEGMENT,INTERNAL_LOOP,,,MFE | INTERNAL_LOOP
Ras85D_CTX_MEL_MFE_STEM_0086,D.melanogaster,RNA_STRUCTURE,STRUCTURE,STEM,800,805,MFE,STRUCTURE_SEGMENT,STEM,,,MFE | STEM
Ras85D_CTX_MEL_MFE_INTERNAL_LOOP_0044,D.melanogaster,RNA_STRUCTURE,STRUCTURE,INTERNAL_LOOP,806,814,MFE,STRUCTURE_SEGMENT,INTERNAL_LOOP,,,MFE | INTERNAL_LOOP
Ras85D_CTX_MEL_MFE_STEM_0087,D.melanogaster,RNA_STRUCTURE,STRUCTURE,STEM,815,821,MFE,STRUCTURE_SEGMENT,STEM,,,MFE | STEM
Ras85D_CTX_MEL_MFE_MULTILOOP_0018,D.melanogaster,RNA_STRUCTURE,STRUCTURE,MULTILOOP,822,842,MFE,STRUCTURE_SEGMENT,MULTILOOP,,,MFE | MULTILOOP
Ras85D_CTX_MEL_MFE_STEM_0088,D.melanogaster,RNA_STRUCTURE,STRUCTURE,STEM,843,845,MFE,STRUCTURE_SEGMENT,STEM,,,MFE | STEM
Ras85D_CTX_MEL_MFE_HAIRPIN_LOOP_0014,D.melanogaster,RNA_STRUCTURE,STRUCTURE,HAIRPIN_LOOP,846,848,MFE,STRUCTURE_SEGMENT,HAIRPIN_LOOP,,,MFE | HAIRPIN_LOOP
Ras85D_CTX_MEL_MFE_STEM_0089,D.melanogaster,RNA_STRUCTURE,STRUCTURE,STEM,849,859,MFE,STRUCTURE_SEGMENT,STEM,,,MFE | STEM
Ras85D_CTX_MEL_MFE_INTERNAL_LOOP_0045,D.melanogaster,RNA_STRUCTURE,STRUCTURE,INTERNAL_LOOP,860,860,MFE,STRUCTURE_SEGMENT,INTERNAL_LOOP,,,MFE | INTERNAL_LOOP
Ras85D_CTX_MEL_MFE_STEM_0090,D.melanogaster,RNA_STRUCTURE,STRUCTURE,STEM,861,863,MFE,STRUCTURE_SEGMENT,STEM,,,MFE | STEM
Ras85D_CTX_MEL_MFE_INTERNAL_LOOP_0046,D.melanogaster,RNA_STRUCTURE,STRUCTURE,INTERNAL_LOOP,864,865,MFE,STRUCTURE_SEGMENT,INTERNAL_LOOP,,,MFE | INTERNAL_LOOP
Ras85D_CTX_MEL_MFE_STEM_0091,D.melanogaster,RNA_STRUCTURE,STRUCTURE,STEM,866,873,MFE,STRUCTURE_SEGMENT,STEM,,,MFE | STEM
Ras85D_CTX_MEL_MFE_INTERNAL_LOOP_0047,D.melanogaster,RNA_STRUCTURE,STRUCTURE,INTERNAL_LOOP,874,874,MFE,STRUCTURE_SEGMENT,INTERNAL_LOOP,,,MFE | INTERNAL_LOOP
Ras85D_CTX_MEL_MFE_STEM_0092,D.melanogaster,RNA_STRUCTURE,STRUCTURE,STEM,875,876,MFE,STRUCTURE_SEGMENT,STEM,,,MFE | STEM
Ras85D_CTX_MEL_MFE_INTERNAL_LOOP_0048,D.melanogaster,RNA_STRUCTURE,STRUCTURE,INTERNAL_LOOP,877,879,MFE,STRUCTURE_SEGMENT,INTERNAL_LOOP,,,MFE | INTERNAL_LOOP
Ras85D_CTX_MEL_MFE_STEM_0093,D.melanogaster,RNA_STRUCTURE,STRUCTURE,STEM,880,884,MFE,STRUCTURE_SEGMENT,STEM,,,MFE | STEM
Ras85D_CTX_MEL_MFE_BULGE_0013,D.melanogaster,RNA_STRUCTURE,STRUCTURE,BULGE,885,887,MFE,STRUCTURE_SEGMENT,BULGE,,,MFE | BULGE
Ras85D_CTX_MEL_MFE_STEM_0094,D.melanogaster,RNA_STRUCTURE,STRUCTURE,STEM,888,893,MFE,STRUCTURE_SEGMENT,STEM,,,MFE | STEM
Ras85D_CTX_MEL_MFE_INTERNAL_LOOP_0049,D.melanogaster,RNA_STRUCTURE,STRUCTURE,INTERNAL_LOOP,894,898,MFE,STRUCTURE_SEGMENT,INTERNAL_LOOP,,,MFE | INTERNAL_LOOP
Ras85D_CTX_MEL_MFE_STEM_0095,D.melanogaster,RNA_STRUCTURE,STRUCTURE,STEM,899,904,MFE,STRUCTURE_SEGMENT,STEM,,,MFE | STEM
Ras85D_CTX_MEL_MFE_HAIRPIN_LOOP_0015,D.melanogaster,RNA_STRUCTURE,STRUCTURE,HAIRPIN_LOOP,905,909,MFE,STRUCTURE_SEGMENT,HAIRPIN_LOOP,,,MFE | HAIRPIN_LOOP
Ras85D_CTX_MEL_MFE_STEM_0096,D.melanogaster,RNA_STRUCTURE,STRUCTURE,STEM,910,915,MFE,STRUCTURE_SEGMENT,STEM,,,MFE | STEM
Ras85D_CTX_MEL_MFE_INTERNAL_LOOP_0050,D.melanogaster,RNA_STRUCTURE,STRUCTURE,INTERNAL_LOOP,916,918,MFE,STRUCTURE_SEGMENT,INTERNAL_LOOP,,,MFE | INTERNAL_LOOP
Ras85D_CTX_MEL_MFE_STEM_0097,D.melanogaster,RNA_STRUCTURE,STRUCTURE,STEM,919,929,MFE,STRUCTURE_SEGMENT,STEM,,,MFE | STEM
Ras85D_CTX_MEL_MFE_INTERNAL_LOOP_0051,D.melanogaster,RNA_STRUCTURE,STRUCTURE,INTERNAL_LOOP,930,930,MFE,STRUCTURE_SEGMENT,INTERNAL_LOOP,,,MFE | INTERNAL_LOOP
Ras85D_CTX_MEL_MFE_STEM_0098,D.melanogaster,RNA_STRUCTURE,STRUCTURE,STEM,931,932,MFE,STRUCTURE_SEGMENT,STEM,,,MFE | STEM
Ras85D_CTX_MEL_MFE_INTERNAL_LOOP_0052,D.melanogaster,RNA_STRUCTURE,STRUCTURE,INTERNAL_LOOP,933,933,MFE,STRUCTURE_SEGMENT,INTERNAL_LOOP,,,MFE | INTERNAL_LOOP
Ras85D_CTX_MEL_MFE_STEM_0099,D.melanogaster,RNA_STRUCTURE,STRUCTURE,STEM,934,941,MFE,STRUCTURE_SEGMENT,STEM,,,MFE | STEM
Ras85D_CTX_MEL_MFE_INTERNAL_LOOP_0053,D.melanogaster,RNA_STRUCTURE,STRUCTURE,INTERNAL_LOOP,942,942,MFE,STRUCTURE_SEGMENT,INTERNAL_LOOP,,,MFE | INTERNAL_LOOP
Ras85D_CTX_MEL_MFE_STEM_0100,D.melanogaster,RNA_STRUCTURE,STRUCTURE,STEM,943,945,MFE,STRUCTURE_SEGMENT,STEM,,,MFE | STEM
Ras85D_CTX_MEL_MFE_INTERNAL_LOOP_0054,D.melanogaster,RNA_STRUCTURE,STRUCTURE,INTERNAL_LOOP,946,946,MFE,STRUCTURE_SEGMENT,INTERNAL_LOOP,,,MFE | INTERNAL_LOOP
Ras85D_CTX_MEL_MFE_STEM_0101,D.melanogaster,RNA_STRUCTURE,STRUCTURE,STEM,947,960,MFE,STRUCTURE_SEGMENT,STEM,,,MFE | STEM
Ras85D_CTX_MEL_MFE_EXTERIOR_0002,D.melanogaster,RNA_STRUCTURE,STRUCTURE,EXTERIOR,961,964,MFE,STRUCTURE_SEGMENT,EXTERIOR,,,MFE | EXTERIOR
